-- phpMyAdmin SQL Dump
-- version 4.8.3
-- https://www.phpmyadmin.net/
--
-- Host: localhost
-- Generation Time: Jan 21, 2019 at 12:23 PM
-- Server version: 8.0.12
-- PHP Version: 7.2.13

SET SQL_MODE = "NO_AUTO_VALUE_ON_ZERO";
SET AUTOCOMMIT = 0;
START TRANSACTION;
SET time_zone = "+00:00";


/*!40101 SET @OLD_CHARACTER_SET_CLIENT=@@CHARACTER_SET_CLIENT */;
/*!40101 SET @OLD_CHARACTER_SET_RESULTS=@@CHARACTER_SET_RESULTS */;
/*!40101 SET @OLD_COLLATION_CONNECTION=@@COLLATION_CONNECTION */;
/*!40101 SET NAMES utf8mb4 */;

--
-- Database: `laravel_ekattor`
--

-- --------------------------------------------------------

--
-- Table structure for table `addons`
--

DROP TABLE IF EXISTS `addons`;
CREATE TABLE `addons` (
  `id` int(11) NOT NULL,
  `name` varchar(255) NOT NULL,
  `unique_identifier` varchar(255) NOT NULL,
  `status` int(11) NOT NULL,
  `school_id` int(11) DEFAULT NULL,
  `created_at` timestamp NULL DEFAULT NULL,
  `updated_at` timestamp NULL DEFAULT NULL
) ENGINE=InnoDB DEFAULT CHARSET=utf8;

--
-- Dumping data for table `addons`
--

INSERT INTO `addons` (`id`, `name`, `unique_identifier`, `status`, `school_id`, `created_at`, `updated_at`) VALUES
(1, 'alumni', 'alumni', 1, 1, '2019-01-14 04:16:54', '2019-01-21 07:30:00');

-- --------------------------------------------------------

--
-- Table structure for table `alumnis`
--

DROP TABLE IF EXISTS `alumnis`;
CREATE TABLE `alumnis` (
  `id` int(11) UNSIGNED NOT NULL,
  `name` varchar(255) CHARACTER SET utf8 COLLATE utf8_unicode_ci DEFAULT NULL,
  `email` varchar(255) CHARACTER SET utf8 COLLATE utf8_unicode_ci DEFAULT NULL,
  `phone` varchar(255) CHARACTER SET utf8 COLLATE utf8_unicode_ci DEFAULT NULL,
  `session` varchar(255) CHARACTER SET utf8 COLLATE utf8_unicode_ci DEFAULT NULL,
  `school_id` int(11) UNSIGNED NOT NULL,
  `created_at` timestamp NULL DEFAULT NULL,
  `updated_at` timestamp NULL DEFAULT NULL
) ENGINE=InnoDB DEFAULT CHARSET=utf8 COLLATE=utf8_unicode_ci;

-- --------------------------------------------------------

--
-- Table structure for table `books`
--

DROP TABLE IF EXISTS `books`;
CREATE TABLE `books` (
  `id` int(11) UNSIGNED NOT NULL,
  `name` varchar(255) CHARACTER SET utf8 COLLATE utf8_unicode_ci DEFAULT NULL,
  `author` varchar(255) CHARACTER SET utf8 COLLATE utf8_unicode_ci DEFAULT NULL,
  `copies` int(11) DEFAULT NULL,
  `school_id` int(11) DEFAULT NULL,
  `session` varchar(255) CHARACTER SET utf8 COLLATE utf8_unicode_ci DEFAULT NULL,
  `created_at` timestamp NULL DEFAULT NULL,
  `updated_at` timestamp NULL DEFAULT NULL
) ENGINE=InnoDB DEFAULT CHARSET=utf8 COLLATE=utf8_unicode_ci;

--
-- Dumping data for table `books`
--

INSERT INTO `books` (`id`, `name`, `author`, `copies`, `school_id`, `session`, `created_at`, `updated_at`) VALUES
(9, 'jsp', 'jon doe', 5, 1, '5', '2019-01-14 05:27:07', '2019-01-14 05:27:07'),
(11, 'A Book Of Nothing', 'Creativeitems', 74, 1, '5', '2019-01-16 23:55:25', '2019-01-16 23:55:25');

-- --------------------------------------------------------

--
-- Table structure for table `book_issues`
--

DROP TABLE IF EXISTS `book_issues`;
CREATE TABLE `book_issues` (
  `id` int(11) UNSIGNED NOT NULL,
  `book_id` int(11) DEFAULT NULL,
  `class_id` int(11) DEFAULT NULL,
  `student_id` int(11) DEFAULT NULL,
  `issue_date` varchar(255) CHARACTER SET utf8 COLLATE utf8_unicode_ci DEFAULT NULL,
  `status` int(11) DEFAULT '0',
  `school_id` int(11) DEFAULT NULL,
  `session` varchar(255) CHARACTER SET utf8 COLLATE utf8_unicode_ci DEFAULT NULL,
  `created_at` timestamp NULL DEFAULT NULL,
  `updated_at` timestamp NULL DEFAULT NULL
) ENGINE=InnoDB DEFAULT CHARSET=utf8 COLLATE=utf8_unicode_ci;

--
-- Dumping data for table `book_issues`
--

INSERT INTO `book_issues` (`id`, `book_id`, `class_id`, `student_id`, `issue_date`, `status`, `school_id`, `session`, `created_at`, `updated_at`) VALUES
(15, 11, 2, 22, '1543860000', 0, 1, '5', '2019-01-19 20:30:02', '2019-01-19 20:30:02'),
(16, 11, 2, 23, '1547920800', 0, 1, '5', '2019-01-19 20:30:29', '2019-01-19 20:30:29'),
(17, 9, 3, 14, '1548180000', 0, 1, '5', '2019-01-19 20:30:39', '2019-01-19 20:30:39');

-- --------------------------------------------------------

--
-- Table structure for table `branches`
--

DROP TABLE IF EXISTS `branches`;
CREATE TABLE `branches` (
  `id` int(11) UNSIGNED NOT NULL,
  `name` varchar(255) DEFAULT NULL,
  `updated_at` timestamp NULL DEFAULT NULL,
  `created_at` timestamp NULL DEFAULT NULL
) ENGINE=InnoDB DEFAULT CHARSET=utf8;

--
-- Dumping data for table `branches`
--

INSERT INTO `branches` (`id`, `name`, `updated_at`, `created_at`) VALUES
(1, 'Nathan Bryan', '2018-11-17 13:20:01', '2018-11-17 13:20:01'),
(2, 'Hyatt Dickerson', '2018-11-17 13:20:35', '2018-11-17 13:20:35'),
(3, 'Phyllis Flores', '2018-11-17 13:21:11', '2018-11-17 13:21:11'),
(4, 'school name', '2018-11-17 13:22:27', '2018-11-17 13:22:27'),
(5, 'Valentine Klein', '2018-11-17 13:23:28', '2018-11-17 13:23:28'),
(6, 'Cathleen Osborn', '2018-11-17 13:34:52', '2018-11-17 13:34:52');

-- --------------------------------------------------------

--
-- Table structure for table `classes`
--

DROP TABLE IF EXISTS `classes`;
CREATE TABLE `classes` (
  `id` int(11) UNSIGNED NOT NULL,
  `name` varchar(255) CHARACTER SET utf8 COLLATE utf8_unicode_ci DEFAULT NULL,
  `school_id` int(11) DEFAULT NULL,
  `created_at` timestamp NULL DEFAULT NULL,
  `updated_at` timestamp NULL DEFAULT NULL
) ENGINE=InnoDB DEFAULT CHARSET=utf8 COLLATE=utf8_unicode_ci;

--
-- Dumping data for table `classes`
--

INSERT INTO `classes` (`id`, `name`, `school_id`, `created_at`, `updated_at`) VALUES
(1, 'Class One', 1, '2018-11-14 03:57:21', '2018-11-15 01:22:22'),
(2, 'Class Ten', 1, '2018-11-14 04:09:36', '2018-11-15 00:39:44'),
(3, 'Class Two', 1, '2018-11-15 00:24:42', '2018-11-15 00:24:42'),
(15, 'Class Four', 1, '2018-11-15 01:28:24', '2018-11-15 01:28:24');

-- --------------------------------------------------------

--
-- Table structure for table `class_rooms`
--

DROP TABLE IF EXISTS `class_rooms`;
CREATE TABLE `class_rooms` (
  `id` int(11) UNSIGNED NOT NULL,
  `name` varchar(255) CHARACTER SET utf8 COLLATE utf8_unicode_ci DEFAULT NULL,
  `school_id` int(11) DEFAULT NULL,
  `created_at` timestamp NULL DEFAULT NULL,
  `updated_at` timestamp NULL DEFAULT NULL
) ENGINE=InnoDB DEFAULT CHARSET=utf8 COLLATE=utf8_unicode_ci;

--
-- Dumping data for table `class_rooms`
--

INSERT INTO `class_rooms` (`id`, `name`, `school_id`, `created_at`, `updated_at`) VALUES
(1, '101', 1, '2018-12-07 13:19:18', '2019-01-16 23:32:02'),
(2, '102', 1, '2018-12-07 13:19:36', '2018-12-07 13:19:36'),
(4, '103', 1, '2018-12-07 15:41:52', '2018-12-07 15:41:52');

-- --------------------------------------------------------

--
-- Table structure for table `daily_attendances`
--

DROP TABLE IF EXISTS `daily_attendances`;
CREATE TABLE `daily_attendances` (
  `id` int(11) NOT NULL,
  `timestamp` varchar(255) CHARACTER SET utf8 COLLATE utf8_unicode_ci DEFAULT NULL,
  `class_id` int(11) DEFAULT NULL,
  `section_id` int(11) DEFAULT NULL,
  `student_id` int(11) DEFAULT NULL,
  `status` int(11) DEFAULT NULL,
  `school_id` int(11) DEFAULT NULL,
  `created_at` timestamp NULL DEFAULT NULL,
  `updated_at` timestamp NULL DEFAULT NULL
) ENGINE=InnoDB DEFAULT CHARSET=utf8 COLLATE=utf8_unicode_ci;

--
-- Dumping data for table `daily_attendances`
--

INSERT INTO `daily_attendances` (`id`, `timestamp`, `class_id`, `section_id`, `student_id`, `status`, `school_id`, `created_at`, `updated_at`) VALUES
(1, '1544054400', 1, 48, 1, 0, 1, '2018-12-06 01:48:26', '2018-12-06 04:31:08'),
(2, '1544054400', 1, 48, 2, 0, 1, '2018-12-06 01:48:26', '2018-12-06 04:31:08'),
(7, '1544140800', 1, 48, 1, 1, 1, '2018-12-06 02:45:38', '2018-12-06 02:45:43'),
(8, '1544140800', 1, 48, 2, 1, 1, '2018-12-06 02:45:38', '2018-12-06 02:45:43'),
(9, '1544227200', 1, 48, 1, 0, 1, '2018-12-06 02:48:11', '2018-12-08 05:31:08'),
(10, '1544227200', 1, 48, 2, 1, 1, '2018-12-06 02:48:11', '2018-12-06 02:48:16'),
(11, '1543622400', 1, 48, 1, 1, 1, '2018-12-06 02:53:55', '2018-12-06 02:53:59'),
(12, '1543622400', 1, 48, 2, 1, 1, '2018-12-06 02:53:55', '2018-12-06 02:53:59'),
(13, '0', 1, 48, 1, NULL, 1, '2018-12-06 02:54:06', '2018-12-06 02:54:06'),
(14, '0', 1, 48, 2, NULL, 1, '2018-12-06 02:54:06', '2018-12-06 02:54:06'),
(15, '1543708800', 1, 48, 1, 1, 1, '2018-12-06 02:56:35', '2018-12-06 02:56:39'),
(16, '1543708800', 1, 48, 2, 1, 1, '2018-12-06 02:56:35', '2018-12-06 02:56:39'),
(17, '1543795200', 1, 48, 1, 1, 1, '2018-12-06 02:57:26', '2018-12-06 02:57:32'),
(18, '1543795200', 1, 48, 2, 1, 1, '2018-12-06 02:57:26', '2018-12-06 02:57:32'),
(19, '1544400000', 1, 48, 1, 1, 1, '2018-12-06 02:59:55', '2018-12-10 01:18:30'),
(20, '1544400000', 1, 48, 2, 1, 1, '2018-12-06 02:59:55', '2018-12-10 01:18:30'),
(21, '1544659200', 1, 48, 1, NULL, 1, '2018-12-06 03:23:22', '2018-12-06 03:23:22'),
(22, '1544659200', 1, 48, 2, NULL, 1, '2018-12-06 03:23:22', '2018-12-06 03:23:22'),
(23, '1545868800', 1, 48, 1, 1, 1, '2018-12-06 03:23:37', '2018-12-06 03:23:40'),
(24, '1545868800', 1, 48, 2, 1, 1, '2018-12-06 03:23:37', '2018-12-06 03:23:40'),
(25, '1547424000', 1, 48, 1, 1, 1, '2019-01-14 01:31:09', '2019-01-14 01:31:21'),
(26, '1547424000', 1, 48, 2, 1, 1, '2019-01-14 01:31:09', '2019-01-14 01:31:21'),
(27, '1547424000', 1, 48, 6, 1, 1, '2019-01-14 01:31:09', '2019-01-14 01:31:21'),
(28, '0', 1, 49, 5, NULL, 1, '2019-01-14 01:31:30', '2019-01-14 01:31:30'),
(29, '0', 1, 48, 6, NULL, 1, '2019-01-14 01:31:31', '2019-01-14 01:31:31'),
(30, '1547424000', 2, 23, 4, NULL, 1, '2019-01-14 04:32:04', '2019-01-14 04:32:04'),
(31, '1547510400', 1, 48, 1, 1, 1, '2019-01-16 06:56:08', '2019-01-16 06:56:12'),
(32, '1547510400', 1, 48, 2, 1, 1, '2019-01-16 06:56:08', '2019-01-16 06:56:12'),
(33, '1547510400', 1, 48, 6, 1, 1, '2019-01-16 06:56:08', '2019-01-16 06:56:12'),
(34, '1547683200', 1, 48, 1, 1, 1, '2019-01-17 00:18:36', '2019-01-17 00:18:42'),
(35, '1547683200', 1, 48, 2, 0, 1, '2019-01-17 00:18:36', '2019-01-17 00:20:11'),
(36, '1547683200', 1, 48, 6, 1, 1, '2019-01-17 00:18:36', '2019-01-17 00:18:42'),
(37, '1547920800', 1, 48, 1, 1, 1, '2019-01-20 10:31:52', '2019-01-20 10:31:56'),
(38, '1547920800', 1, 48, 2, 0, 1, '2019-01-20 10:31:52', '2019-01-20 10:35:19'),
(39, '1547920800', 1, 48, 6, 1, 1, '2019-01-20 10:31:52', '2019-01-20 10:31:56'),
(40, '1547920800', 2, 23, 4, NULL, 1, '2019-01-20 10:50:10', '2019-01-20 10:50:10'),
(41, '1547920800', 2, 23, 22, NULL, 1, '2019-01-20 10:50:10', '2019-01-20 10:50:10'),
(42, '1547920800', 2, 23, 23, NULL, 1, '2019-01-20 10:50:10', '2019-01-20 10:50:10'),
(43, '1547920800', 15, 46, 3, 1, 1, '2019-01-20 10:50:15', '2019-01-20 12:24:53'),
(44, '1547920800', 15, 46, 12, 0, 1, '2019-01-20 10:50:15', '2019-01-20 12:24:53'),
(45, '1547920800', 15, 46, 13, 1, 1, '2019-01-20 10:50:15', '2019-01-20 12:24:53'),
(46, '1547920800', 15, 46, 16, 0, 1, '2019-01-20 10:50:15', '2019-01-20 12:24:53'),
(47, '1547920800', 15, 46, 17, 1, 1, '2019-01-20 10:50:15', '2019-01-20 12:24:53'),
(48, '1547920800', 15, 46, 19, 0, 1, '2019-01-20 10:50:15', '2019-01-20 12:24:53'),
(49, '1547920800', 15, 46, 20, 1, 1, '2019-01-20 10:50:15', '2019-01-20 12:24:53'),
(50, '1547920800', 15, 46, 21, 0, 1, '2019-01-20 10:50:15', '2019-01-20 12:24:53'),
(51, '1547920800', 15, 46, 24, 1, 1, '2019-01-20 10:50:15', '2019-01-20 12:24:53'),
(52, '1547920800', 15, 46, 25, 0, 1, '2019-01-20 10:50:15', '2019-01-20 12:24:53'),
(53, '1547920800', 15, 46, 26, 1, 1, '2019-01-20 10:50:15', '2019-01-20 12:24:53'),
(54, '1547920800', 3, 33, 14, NULL, 1, '2019-01-20 10:50:23', '2019-01-20 10:50:23'),
(55, '1547920800', 3, 33, 15, NULL, 1, '2019-01-20 10:50:23', '2019-01-20 10:50:23'),
(56, '1547920800', 1, 49, 5, 1, 1, '2019-01-20 10:50:57', '2019-01-20 11:06:11'),
(57, '1547920800', 1, 49, 7, 0, 1, '2019-01-20 10:50:57', '2019-01-20 11:06:43'),
(58, '1547920800', 1, 49, 8, 1, 1, '2019-01-20 10:50:57', '2019-01-20 11:06:11'),
(59, '1547920800', 1, 49, 9, 0, 1, '2019-01-20 10:50:57', '2019-01-20 11:06:43'),
(62, '1547920800', 1, 54, 10, NULL, 1, '2019-01-20 10:55:57', '2019-01-20 10:55:57'),
(63, '1547920800', 1, 54, 11, NULL, 1, '2019-01-20 10:55:57', '2019-01-20 10:55:57'),
(64, '1547575200', 1, 48, 1, 1, 1, '2019-01-20 11:36:18', '2019-01-20 11:36:21'),
(65, '1547575200', 1, 48, 2, 0, 1, '2019-01-20 11:36:18', '2019-01-20 11:36:37'),
(66, '1547575200', 1, 48, 6, 1, 1, '2019-01-20 11:36:18', '2019-01-20 11:36:21'),
(67, '1547488800', 1, 48, 1, 1, 1, '2019-01-20 11:47:00', '2019-01-20 11:47:04'),
(68, '1547488800', 1, 48, 2, 0, 1, '2019-01-20 11:47:00', '2019-01-20 11:47:04'),
(69, '1547488800', 1, 48, 6, 1, 1, '2019-01-20 11:47:00', '2019-01-20 11:47:04');

-- --------------------------------------------------------

--
-- Table structure for table `departments`
--

DROP TABLE IF EXISTS `departments`;
CREATE TABLE `departments` (
  `id` int(11) UNSIGNED NOT NULL,
  `name` varchar(255) CHARACTER SET utf8 COLLATE utf8_unicode_ci DEFAULT NULL,
  `school_id` int(11) NOT NULL,
  `created_at` timestamp NULL DEFAULT NULL,
  `updated_at` timestamp NULL DEFAULT NULL
) ENGINE=InnoDB DEFAULT CHARSET=utf8 COLLATE=utf8_unicode_ci;

--
-- Dumping data for table `departments`
--

INSERT INTO `departments` (`id`, `name`, `school_id`, `created_at`, `updated_at`) VALUES
(1, 'Physics', 1, NULL, NULL),
(2, 'Biology', 1, '2018-11-17 04:04:03', '2018-11-27 06:08:01'),
(4, 'Chemistry', 1, '2018-11-17 04:11:46', '2018-11-17 04:11:46'),
(5, 'Computer Science', 1, '2018-11-17 04:12:08', '2018-11-17 04:12:08'),
(6, 'Math', 1, '2018-11-17 13:50:16', '2018-11-17 13:50:25'),
(7, 'Accounting', 1, '2018-12-08 05:24:04', '2018-12-08 05:24:04');

-- --------------------------------------------------------

--
-- Table structure for table `enrolls`
--

DROP TABLE IF EXISTS `enrolls`;
CREATE TABLE `enrolls` (
  `id` int(11) UNSIGNED NOT NULL,
  `student_id` int(11) DEFAULT NULL,
  `class_id` int(11) DEFAULT NULL,
  `section_id` int(11) DEFAULT NULL,
  `school_id` int(11) DEFAULT NULL,
  `session` varchar(255) CHARACTER SET utf8 COLLATE utf8_unicode_ci DEFAULT NULL,
  `created_at` timestamp NULL DEFAULT NULL,
  `updated_at` timestamp NULL DEFAULT NULL
) ENGINE=InnoDB DEFAULT CHARSET=utf8 COLLATE=utf8_unicode_ci;

--
-- Dumping data for table `enrolls`
--

INSERT INTO `enrolls` (`id`, `student_id`, `class_id`, `section_id`, `school_id`, `session`, `created_at`, `updated_at`) VALUES
(1, 1, 3, 33, 1, '1', '2018-12-05 01:37:59', '2019-01-21 12:18:12'),
(2, 2, 1, 48, 1, '5', '2018-12-05 01:37:59', '2018-12-05 01:37:59'),
(3, 3, 15, 46, 1, '5', '2019-01-08 06:17:12', '2019-01-13 00:21:42'),
(4, 4, 2, 23, 1, '5', '2019-01-10 02:19:03', '2019-01-10 02:19:03'),
(5, 5, 1, 49, 1, '5', '2019-01-10 02:44:18', '2019-01-10 02:44:18'),
(6, 6, 1, 48, 1, '5', '2019-01-10 03:27:07', '2019-01-10 03:27:07'),
(7, 7, 1, 49, 1, '5', '2019-01-14 02:25:55', '2019-01-14 02:25:55'),
(8, 8, 1, 49, 1, '5', '2019-01-14 02:25:56', '2019-01-14 02:25:56'),
(9, 9, 1, 49, 1, '5', '2019-01-14 02:25:56', '2019-01-14 02:25:56'),
(10, 10, 3, 33, 1, '1', '2019-01-14 02:29:45', '2019-01-21 12:23:05'),
(11, 11, 1, 54, 1, '5', '2019-01-14 02:29:45', '2019-01-14 02:29:45'),
(12, 12, 15, 46, 1, '5', '2019-01-14 02:31:24', '2019-01-14 02:31:24'),
(13, 13, 15, 46, 1, '5', '2019-01-14 02:31:24', '2019-01-14 02:31:24'),
(14, 14, 3, 33, 1, '5', '2019-01-14 02:35:19', '2019-01-14 02:35:19'),
(15, 15, 3, 33, 1, '5', '2019-01-14 02:35:19', '2019-01-14 02:35:19'),
(16, 16, 15, 46, 1, '5', '2019-01-17 00:49:08', '2019-01-17 00:49:08'),
(17, 17, 15, 46, 1, '5', '2019-01-17 00:51:37', '2019-01-17 00:51:37'),
(19, 19, 15, 46, 1, '5', '2019-01-17 03:32:50', '2019-01-17 03:32:50'),
(20, 20, 15, 46, 1, '5', '2019-01-17 03:32:50', '2019-01-17 03:32:50'),
(21, 21, 15, 46, 1, '5', '2019-01-17 03:32:50', '2019-01-17 03:32:50'),
(22, 22, 2, 23, 1, '5', '2019-01-17 03:35:26', '2019-01-17 03:35:26'),
(23, 23, 2, 23, 1, '5', '2019-01-17 03:35:26', '2019-01-17 03:35:26'),
(24, 24, 15, 46, 1, '5', '2019-01-17 03:44:27', '2019-01-17 03:44:27'),
(25, 25, 15, 46, 1, '5', '2019-01-17 03:44:27', '2019-01-17 03:44:27'),
(26, 26, 15, 46, 1, '5', '2019-01-17 03:44:27', '2019-01-17 03:44:27');

-- --------------------------------------------------------

--
-- Table structure for table `event_calendars`
--

DROP TABLE IF EXISTS `event_calendars`;
CREATE TABLE `event_calendars` (
  `id` int(11) NOT NULL,
  `title` longtext COLLATE utf8_unicode_ci,
  `starting_date` varchar(255) COLLATE utf8_unicode_ci DEFAULT NULL,
  `ending_date` varchar(255) COLLATE utf8_unicode_ci DEFAULT NULL,
  `school_id` int(10) DEFAULT NULL,
  `session` int(10) DEFAULT NULL,
  `created_at` timestamp NULL DEFAULT NULL,
  `updated_at` timestamp NULL DEFAULT NULL
) ENGINE=InnoDB DEFAULT CHARSET=utf8 COLLATE=utf8_unicode_ci;

--
-- Dumping data for table `event_calendars`
--

INSERT INTO `event_calendars` (`id`, `title`, `starting_date`, `ending_date`, `school_id`, `session`, `created_at`, `updated_at`) VALUES
(7, 'Test', '2019-01-21 00:00:01', '2019-01-25 23:59:59', 1, 5, '2019-01-21 10:12:46', '2019-01-21 10:12:46'),
(8, 'Installing on Mac000', '2019-01-01 00:00:01', '2019-01-05 23:59:59', 1, 5, '2019-01-21 10:13:18', '2019-01-21 10:57:41'),
(9, 'Installing on Windows', '2018-12-01 00:00:01', '2018-12-06 23:59:59', 1, 5, '2019-01-21 10:14:30', '2019-01-21 10:14:30');

-- --------------------------------------------------------

--
-- Table structure for table `exams`
--

DROP TABLE IF EXISTS `exams`;
CREATE TABLE `exams` (
  `id` int(11) UNSIGNED NOT NULL,
  `name` varchar(255) CHARACTER SET utf8 COLLATE utf8_unicode_ci DEFAULT NULL,
  `starting_date` varchar(255) CHARACTER SET utf8 COLLATE utf8_unicode_ci DEFAULT NULL,
  `ending_date` varchar(255) CHARACTER SET utf8 COLLATE utf8_unicode_ci DEFAULT NULL,
  `school_id` int(11) DEFAULT NULL,
  `session` varchar(255) CHARACTER SET utf8 COLLATE utf8_unicode_ci DEFAULT NULL,
  `created_at` timestamp NULL DEFAULT NULL,
  `updated_at` timestamp NULL DEFAULT NULL
) ENGINE=InnoDB DEFAULT CHARSET=utf8 COLLATE=utf8_unicode_ci;

--
-- Dumping data for table `exams`
--

INSERT INTO `exams` (`id`, `name`, `starting_date`, `ending_date`, `school_id`, `session`, `created_at`, `updated_at`) VALUES
(3, 'Mid Term', '1547596800', '1548115200', 1, '5', '2019-01-16 08:17:18', '2019-01-16 22:49:50'),
(4, 'Final Term', '1547769600', '1548892800', 1, '5', '2019-01-16 22:50:02', '2019-01-16 22:50:02');

-- --------------------------------------------------------

--
-- Table structure for table `expenses`
--

DROP TABLE IF EXISTS `expenses`;
CREATE TABLE `expenses` (
  `id` int(11) UNSIGNED NOT NULL,
  `expense_category_id` int(11) DEFAULT NULL,
  `date` int(11) DEFAULT NULL,
  `amount` varchar(255) CHARACTER SET utf8 COLLATE utf8_unicode_ci DEFAULT NULL,
  `school_id` int(11) DEFAULT NULL,
  `session` varchar(255) CHARACTER SET utf8 COLLATE utf8_unicode_ci DEFAULT '',
  `created_at` timestamp NULL DEFAULT NULL,
  `updated_at` timestamp NULL DEFAULT NULL
) ENGINE=InnoDB DEFAULT CHARSET=utf8 COLLATE=utf8_unicode_ci;

--
-- Dumping data for table `expenses`
--

INSERT INTO `expenses` (`id`, `expense_category_id`, `date`, `amount`, `school_id`, `session`, `created_at`, `updated_at`) VALUES
(3, 2, 1544400000, '560', 1, '5', '2018-12-10 04:15:02', '2018-12-10 04:15:02'),
(4, 2, 1544400000, '750', 1, '5', '2018-12-10 04:15:09', '2018-12-10 04:15:09'),
(5, 4, 1547920800, '560', 1, '5', '2019-01-19 19:09:17', '2019-01-19 20:17:37');

-- --------------------------------------------------------

--
-- Table structure for table `expense_categories`
--

DROP TABLE IF EXISTS `expense_categories`;
CREATE TABLE `expense_categories` (
  `id` int(11) UNSIGNED NOT NULL,
  `name` varchar(255) CHARACTER SET utf8 COLLATE utf8_unicode_ci DEFAULT NULL,
  `school_id` int(11) DEFAULT NULL,
  `session` varchar(255) CHARACTER SET utf8 COLLATE utf8_unicode_ci DEFAULT NULL,
  `created_at` timestamp NULL DEFAULT NULL,
  `updated_at` timestamp NULL DEFAULT NULL
) ENGINE=InnoDB DEFAULT CHARSET=utf8 COLLATE=utf8_unicode_ci;

--
-- Dumping data for table `expense_categories`
--

INSERT INTO `expense_categories` (`id`, `name`, `school_id`, `session`, `created_at`, `updated_at`) VALUES
(2, 'Basic Expense', 1, '5', '2018-12-10 03:13:56', '2018-12-10 03:19:15'),
(4, 'Furniture Expense', 1, '5', '2018-12-10 04:26:39', '2018-12-10 04:26:39'),
(6, 'Old', 1, '5', '2019-01-08 05:44:25', '2019-01-16 23:47:36');

-- --------------------------------------------------------

--
-- Table structure for table `grades`
--

DROP TABLE IF EXISTS `grades`;
CREATE TABLE `grades` (
  `id` int(11) UNSIGNED NOT NULL,
  `name` varchar(255) CHARACTER SET utf8 COLLATE utf8_unicode_ci DEFAULT NULL,
  `grade_point` varchar(255) CHARACTER SET utf8 COLLATE utf8_unicode_ci DEFAULT NULL,
  `mark_from` varchar(255) CHARACTER SET utf8 COLLATE utf8_unicode_ci DEFAULT NULL,
  `mark_upto` varchar(255) CHARACTER SET utf8 COLLATE utf8_unicode_ci DEFAULT NULL,
  `comment` longtext CHARACTER SET utf8 COLLATE utf8_unicode_ci,
  `school_id` int(11) DEFAULT NULL,
  `session` varchar(255) CHARACTER SET utf8 COLLATE utf8_unicode_ci DEFAULT NULL,
  `created_at` timestamp NULL DEFAULT NULL,
  `updated_at` timestamp NULL DEFAULT NULL
) ENGINE=InnoDB DEFAULT CHARSET=utf8 COLLATE=utf8_unicode_ci;

--
-- Dumping data for table `grades`
--

INSERT INTO `grades` (`id`, `name`, `grade_point`, `mark_from`, `mark_upto`, `comment`, `school_id`, `session`, `created_at`, `updated_at`) VALUES
(1, 'A+', '5.00', '80', '100', 'Dope!', 1, '5', '2019-01-19 19:05:27', '2019-01-19 19:05:27');

-- --------------------------------------------------------

--
-- Table structure for table `invoices`
--

DROP TABLE IF EXISTS `invoices`;
CREATE TABLE `invoices` (
  `id` int(11) NOT NULL,
  `title` varchar(255) CHARACTER SET utf8 COLLATE utf8_unicode_ci DEFAULT NULL,
  `total_amount` int(11) DEFAULT NULL,
  `class_id` int(11) DEFAULT NULL,
  `student_id` int(11) DEFAULT NULL,
  `payment_method` longtext CHARACTER SET utf8 COLLATE utf8_unicode_ci,
  `paid_amount` int(11) DEFAULT NULL,
  `status` longtext CHARACTER SET utf8 COLLATE utf8_unicode_ci,
  `school_id` int(11) DEFAULT NULL,
  `session` varchar(255) CHARACTER SET utf8 COLLATE utf8_unicode_ci DEFAULT NULL,
  `created_at` timestamp NULL DEFAULT NULL,
  `updated_at` timestamp NULL DEFAULT NULL
) ENGINE=MyISAM DEFAULT CHARSET=utf8 COLLATE=utf8_unicode_ci;

--
-- Dumping data for table `invoices`
--

INSERT INTO `invoices` (`id`, `title`, `total_amount`, `class_id`, `student_id`, `payment_method`, `paid_amount`, `status`, `school_id`, `session`, `created_at`, `updated_at`) VALUES
(1, 'Creating our First Webpage', 520, 1, 1, NULL, NULL, 'unpaid', 1, '5', '2018-12-09 13:57:53', '2018-12-09 13:57:53'),
(2, 'Installing on Mac', 450, 1, 1, NULL, 250, 'unpaid', 1, '5', '2018-12-09 14:00:46', '2018-12-09 14:00:46'),
(3, 'Test', 901, 1, 2, NULL, 100, 'unpaid', 1, '5', '2018-12-09 22:15:50', '2018-12-09 22:15:50'),
(4, 'Test Mass Invoice', 540, 3, 14, NULL, 540, 'paid', 1, '5', '2019-01-17 05:52:23', '2019-01-17 05:52:23'),
(5, 'Test Mass Invoice', 540, 3, 15, NULL, 540, 'paid', 1, '5', '2019-01-17 05:52:23', '2019-01-17 05:52:23'),
(6, 'Testing Mass Invoice For Class 10', 780, 2, 4, NULL, 450, 'unpaid', 1, '5', '2019-01-17 05:55:40', '2019-01-17 05:55:40'),
(7, 'Testing Mass Invoice For Class 10', 780, 2, 22, NULL, 450, 'unpaid', 1, '5', '2019-01-17 05:55:40', '2019-01-17 05:55:40'),
(8, 'Testing Mass Invoice For Class 10', 780, 2, 23, NULL, 450, 'unpaid', 1, '5', '2019-01-17 05:55:40', '2019-01-17 05:55:40'),
(9, 'Test Invoice For Class Four', 450, 15, 24, NULL, 250, 'unpaid', 1, '5', '2019-01-17 05:58:13', '2019-01-18 20:05:15'),
(10, 'Test Invoice For Class Four', 450, 15, 12, NULL, 250, 'unpaid', 1, '5', '2019-01-17 05:58:13', '2019-01-17 05:58:13'),
(11, 'Test Invoice For Class Four', 450, 15, 13, NULL, 250, 'unpaid', 1, '5', '2019-01-17 05:58:13', '2019-01-17 05:58:13'),
(12, 'Test Invoice For Class Four', 450, 15, 16, NULL, 250, 'unpaid', 1, '5', '2019-01-17 05:58:13', '2019-01-17 05:58:13'),
(13, 'Test Invoice For Class Four', 450, 15, 17, NULL, 250, 'unpaid', 1, '5', '2019-01-17 05:58:13', '2019-01-17 05:58:13'),
(14, 'Test Invoice For Class Four', 450, 15, 19, NULL, 250, 'unpaid', 1, '5', '2019-01-17 05:58:13', '2019-01-17 05:58:13'),
(15, 'Test Invoice For Class Four', 450, 15, 20, NULL, 250, 'unpaid', 1, '5', '2019-01-17 05:58:13', '2019-01-17 05:58:13'),
(16, 'Test Invoice For Class Four', 450, 15, 21, NULL, 250, 'unpaid', 1, '5', '2019-01-17 05:58:13', '2019-01-17 05:58:13'),
(17, 'Test Invoice For Class Four', 450, 15, 24, NULL, 250, 'unpaid', 1, '5', '2019-01-17 05:58:13', '2019-01-17 05:58:13'),
(18, 'Test Invoice For Class Four', 450, 15, 25, NULL, 250, 'unpaid', 1, '5', '2019-01-17 05:58:13', '2019-01-17 05:58:13'),
(19, 'Test Invoice For Class Four', 450, 15, 26, NULL, 250, 'unpaid', 1, '5', '2019-01-17 05:58:13', '2019-01-17 05:58:13'),
(20, 'Creating our Firs', 854, 15, 16, NULL, 200, 'unpaid', 1, '5', '2019-01-18 05:25:31', '2019-01-18 20:05:55'),
(21, 'Creating our Firs', 854, 15, 12, NULL, 200, 'unpaid', 1, '5', '2019-01-18 05:25:31', '2019-01-18 05:25:31'),
(22, 'Creating our Firs', 854, 15, 13, NULL, 200, 'unpaid', 1, '5', '2019-01-18 05:25:31', '2019-01-18 05:25:31'),
(23, 'Creating our Firs', 854, 15, 16, NULL, 200, 'unpaid', 1, '5', '2019-01-18 05:25:31', '2019-01-18 05:25:31'),
(24, 'Creating our Firs', 854, 15, 17, NULL, 200, 'unpaid', 1, '5', '2019-01-18 05:25:31', '2019-01-18 05:25:31'),
(25, 'Creating our Firs', 854, 15, 19, NULL, 200, 'unpaid', 1, '5', '2019-01-18 05:25:31', '2019-01-18 05:25:31'),
(26, 'Creating our Firs', 854, 15, 20, NULL, 200, 'unpaid', 1, '5', '2019-01-18 05:25:31', '2019-01-18 05:25:31'),
(27, 'Creating our Firs', 854, 15, 21, NULL, 200, 'unpaid', 1, '5', '2019-01-18 05:25:31', '2019-01-18 05:25:31'),
(28, 'Creating our Firs', 854, 15, 24, NULL, 200, 'unpaid', 1, '5', '2019-01-18 05:25:31', '2019-01-18 05:25:31'),
(29, 'Creating our Firs', 854, 15, 25, NULL, 200, 'unpaid', 1, '5', '2019-01-18 05:25:31', '2019-01-18 05:25:31'),
(30, 'Creating our Firs', 854, 15, 26, NULL, 200, 'unpaid', 1, '5', '2019-01-18 05:25:31', '2019-01-18 05:25:31'),
(31, 'Creating our First Webpage', 520, 1, 1, NULL, NULL, 'unpaid', 1, '5', '2018-12-09 07:57:53', '2018-12-09 07:57:53'),
(32, 'Installing on Mac', 450, 1, 1, NULL, 250, 'unpaid', 1, '5', '2018-12-09 08:00:46', '2018-12-09 08:00:46'),
(33, 'Test', 901, 1, 2, NULL, 100, 'unpaid', 1, '5', '2018-12-09 16:15:50', '2018-12-09 16:15:50'),
(34, 'Test Mass Invoice', 540, 3, 14, NULL, 540, 'paid', 1, '5', '2019-01-16 23:52:23', '2019-01-16 23:52:23'),
(35, 'Test Mass Invoice', 540, 3, 15, NULL, 540, 'paid', 1, '5', '2019-01-16 23:52:23', '2019-01-16 23:52:23'),
(36, 'Testing Mass Invoice For Class 10', 780, 2, 4, NULL, 450, 'unpaid', 1, '5', '2019-01-16 23:55:40', '2019-01-16 23:55:40'),
(37, 'Testing Mass Invoice For Class 10', 780, 2, 22, NULL, 450, 'unpaid', 1, '5', '2019-01-16 23:55:40', '2019-01-16 23:55:40'),
(38, 'Testing Mass Invoice For Class 10', 780, 2, 23, NULL, 450, 'unpaid', 1, '5', '2019-01-16 23:55:40', '2019-01-16 23:55:40'),
(40, 'Test Invoice For Class Four', 450, 15, 12, NULL, 250, 'unpaid', 1, '5', '2019-01-16 23:58:13', '2019-01-16 23:58:13'),
(41, 'Test Invoice For Class Four', 450, 15, 13, NULL, 250, 'unpaid', 1, '5', '2019-01-16 23:58:13', '2019-01-16 23:58:13'),
(42, 'Test Invoice For Class Four', 450, 15, 16, NULL, 250, 'unpaid', 1, '5', '2019-01-16 23:58:13', '2019-01-16 23:58:13'),
(43, 'Test Invoice For Class Four', 450, 15, 17, NULL, 250, 'unpaid', 1, '5', '2019-01-16 23:58:13', '2019-01-16 23:58:13'),
(44, 'Test Invoice For Class Four', 450, 15, 19, NULL, 250, 'unpaid', 1, '5', '2019-01-16 23:58:13', '2019-01-16 23:58:13'),
(45, 'Test Invoice For Class Four', 450, 15, 20, NULL, 250, 'unpaid', 1, '5', '2019-01-16 23:58:13', '2019-01-16 23:58:13'),
(46, 'Test Invoice For Class Four', 450, 15, 21, NULL, 250, 'unpaid', 1, '5', '2019-01-16 23:58:13', '2019-01-16 23:58:13'),
(47, 'Test Invoice For Class Four', 450, 15, 24, NULL, 250, 'unpaid', 1, '5', '2019-01-16 23:58:13', '2019-01-16 23:58:13'),
(48, 'Test Invoice For Class Four', 450, 15, 25, NULL, 250, 'unpaid', 1, '5', '2019-01-16 23:58:13', '2019-01-16 23:58:13'),
(49, 'Test Invoice For Class Four', 450, 15, 26, NULL, 250, 'unpaid', 1, '5', '2019-01-16 23:58:13', '2019-01-16 23:58:13'),
(50, 'Metal Cave Gym', 12, 15, 12, NULL, 12, 'unpaid', 1, '5', '2019-01-17 23:25:31', '2019-01-18 20:06:57'),
(51, 'Creating our Firs', 854, 15, 12, NULL, 200, 'unpaid', 1, '5', '2019-01-17 23:25:31', '2019-01-17 23:25:31'),
(52, 'Creating our Firs', 854, 15, 13, NULL, 200, 'unpaid', 1, '5', '2019-01-17 23:25:31', '2019-01-17 23:25:31'),
(53, 'Creating our Firs', 854, 15, 16, NULL, 200, 'unpaid', 1, '5', '2019-01-17 23:25:31', '2019-01-17 23:25:31'),
(54, 'Creating our Firs', 854, 15, 17, NULL, 200, 'unpaid', 1, '5', '2019-01-17 23:25:31', '2019-01-17 23:25:31'),
(55, 'Creating our Firs', 854, 15, 19, NULL, 200, 'unpaid', 1, '5', '2019-01-17 23:25:31', '2019-01-17 23:25:31'),
(56, 'Creating our Firs', 854, 15, 20, NULL, 200, 'unpaid', 1, '5', '2019-01-17 23:25:31', '2019-01-17 23:25:31'),
(57, 'Creating our Firs', 854, 15, 21, NULL, 200, 'unpaid', 1, '5', '2019-01-17 23:25:31', '2019-01-17 23:25:31'),
(58, 'Creating our Firs', 854, 15, 24, NULL, 200, 'unpaid', 1, '5', '2019-01-17 23:25:31', '2019-01-17 23:25:31'),
(59, 'Creating our Firs', 854, 15, 25, NULL, 200, 'unpaid', 1, '5', '2019-01-17 23:25:31', '2019-01-17 23:25:31'),
(61, 'Creating our First Webpage', 520, 1, 1, NULL, NULL, 'unpaid', 1, '5', '2018-12-09 07:57:53', '2018-12-09 07:57:53'),
(62, 'Creating our Firs', 854, 15, 26, NULL, 200, 'unpaid', 1, '5', '2019-01-18 05:25:31', '2019-01-18 05:25:31'),
(63, 'Creating our First Webpage', 875, 3, 14, NULL, 200, 'unpaid', 1, '5', '2019-01-18 05:30:56', '2019-01-18 05:30:56'),
(64, 'Creating our First Webpage', 520, 1, 1, NULL, NULL, 'unpaid', 1, '5', '2018-12-09 13:57:53', '2018-12-09 13:57:53'),
(66, 'Creating our First Webpage', 520, 1, 1, NULL, NULL, 'unpaid', 1, '5', '2018-12-09 13:57:53', '2018-12-09 13:57:53'),
(67, 'Creating our First Webpage', 520, 1, 1, NULL, NULL, 'unpaid', 1, '5', '2018-12-09 13:57:53', '2018-12-09 13:57:53'),
(68, 'Creating our First Webpage', 520, 1, 1, NULL, NULL, 'unpaid', 1, '5', '2018-12-09 13:57:53', '2018-12-09 13:57:53'),
(69, 'Creating our First Webpage', 520, 1, 1, NULL, NULL, 'unpaid', 1, '5', '2018-12-09 13:57:53', '2018-12-09 13:57:53'),
(70, 'Creating our First Webpage', 520, 1, 1, NULL, NULL, 'unpaid', 1, '5', '2018-12-09 13:57:53', '2018-12-09 13:57:53'),
(71, 'Creating our First Webpage', 520, 1, 1, NULL, NULL, 'unpaid', 1, '5', '2018-12-09 13:57:53', '2018-12-09 13:57:53'),
(72, 'Creating our First Webpage', 520, 1, 1, NULL, NULL, 'unpaid', 1, '5', '2018-12-09 13:57:53', '2018-12-09 13:57:53'),
(73, 'Creating our First Webpage', 520, 1, 1, NULL, NULL, 'unpaid', 1, '5', '2018-12-09 13:57:53', '2018-12-09 13:57:53'),
(74, 'Creating our First Webpage', 520, 1, 1, NULL, NULL, 'unpaid', 1, '5', '2018-12-09 13:57:53', '2018-12-09 13:57:53'),
(75, 'Creating our First Webpage', 520, 1, 1, NULL, NULL, 'unpaid', 1, '5', '2018-12-09 13:57:53', '2018-12-09 13:57:53'),
(76, 'Creating our First Webpage', 520, 1, 1, NULL, NULL, 'unpaid', 1, '5', '2018-12-09 13:57:53', '2018-12-09 13:57:53'),
(77, 'Creating our First Webpage', 520, 1, 1, NULL, NULL, 'unpaid', 1, '5', '2018-12-09 13:57:53', '2018-12-09 13:57:53'),
(78, 'Creating our First Webpage', 520, 1, 1, NULL, NULL, 'unpaid', 1, '5', '2018-12-09 13:57:53', '2018-12-09 13:57:53'),
(79, 'Creating our First Webpage', 520, 1, 1, NULL, NULL, 'unpaid', 1, '5', '2018-12-09 13:57:53', '2018-12-09 13:57:53'),
(80, 'Creating our First Webpage', 520, 1, 1, NULL, NULL, 'unpaid', 1, '5', '2018-12-09 13:57:53', '2018-12-09 13:57:53'),
(81, 'Creating our First Webpage', 520, 1, 1, NULL, NULL, 'unpaid', 1, '5', '2018-12-09 13:57:53', '2018-12-09 13:57:53'),
(82, 'Creating our First Webpage', 520, 1, 1, NULL, NULL, 'unpaid', 1, '5', '2018-12-09 13:57:53', '2018-12-09 13:57:53'),
(83, 'Creating our First Webpage', 520, 1, 1, NULL, NULL, 'unpaid', 1, '5', '2018-12-09 13:57:53', '2018-12-09 13:57:53'),
(84, 'Creating our First Webpage', 520, 1, 1, NULL, NULL, 'unpaid', 1, '5', '2018-12-09 13:57:53', '2018-12-09 13:57:53'),
(85, 'Creating our First Webpage', 520, 1, 1, NULL, NULL, 'unpaid', 1, '5', '2018-12-09 13:57:53', '2018-12-09 13:57:53'),
(86, 'Creating our First Webpage', 520, 1, 1, NULL, NULL, 'unpaid', 1, '5', '2018-12-09 13:57:53', '2018-12-09 13:57:53'),
(87, 'Creating our First Webpage', 520, 1, 1, NULL, NULL, 'unpaid', 1, '5', '2018-12-09 13:57:53', '2018-12-09 13:57:53'),
(88, 'Creating our First Webpage', 520, 1, 1, NULL, NULL, 'unpaid', 1, '5', '2018-12-09 13:57:53', '2018-12-09 13:57:53'),
(89, 'Creating our First Webpage', 520, 1, 1, NULL, NULL, 'unpaid', 1, '5', '2018-12-09 13:57:53', '2018-12-09 13:57:53'),
(90, 'Creating our First Webpage', 520, 1, 1, NULL, NULL, 'unpaid', 1, '5', '2018-12-09 13:57:53', '2018-12-09 13:57:53'),
(91, 'Creating our First Webpage', 520, 1, 1, NULL, NULL, 'unpaid', 1, '5', '2018-12-09 13:57:53', '2018-12-09 13:57:53'),
(92, 'Creating our First Webpage', 520, 1, 1, NULL, NULL, 'unpaid', 1, '5', '2018-12-09 13:57:53', '2018-12-09 13:57:53'),
(93, 'Creating our First Webpage', 520, 1, 1, NULL, NULL, 'unpaid', 1, '5', '2018-12-09 13:57:53', '2018-12-09 13:57:53'),
(94, 'Creating our First Webpage', 520, 1, 1, NULL, NULL, 'unpaid', 1, '5', '2018-12-09 13:57:53', '2018-12-09 13:57:53'),
(95, 'Creating our First Webpage', 520, 1, 1, NULL, NULL, 'unpaid', 1, '5', '2018-12-09 13:57:53', '2018-12-09 13:57:53'),
(96, 'Creating our First Webpage', 520, 1, 1, NULL, NULL, 'unpaid', 1, '5', '2018-12-09 13:57:53', '2018-12-09 13:57:53'),
(97, 'Creating our First Webpage', 520, 1, 1, NULL, NULL, 'unpaid', 1, '5', '2018-12-09 13:57:53', '2018-12-09 13:57:53'),
(98, 'Creating our First Webpage', 520, 1, 1, NULL, NULL, 'unpaid', 1, '5', '2018-12-09 13:57:53', '2018-12-09 13:57:53'),
(99, 'Creating our First Webpage', 520, 1, 1, NULL, NULL, 'unpaid', 1, '5', '2018-12-09 13:57:53', '2018-12-09 13:57:53'),
(100, 'Creating our First Webpage', 520, 1, 1, NULL, NULL, 'unpaid', 1, '5', '2018-12-09 13:57:53', '2018-12-09 13:57:53'),
(101, 'Creating our First Webpage', 520, 1, 1, NULL, NULL, 'unpaid', 1, '5', '2018-12-09 13:57:53', '2018-12-09 13:57:53'),
(102, 'Creating our First Webpage', 520, 1, 1, NULL, NULL, 'unpaid', 1, '5', '2018-12-09 13:57:53', '2018-12-09 13:57:53'),
(103, 'Creating our First Webpage', 520, 1, 1, NULL, NULL, 'unpaid', 1, '5', '2018-12-09 13:57:53', '2018-12-09 13:57:53'),
(104, 'Creating our First Webpage', 520, 1, 1, NULL, NULL, 'unpaid', 1, '5', '2018-12-09 13:57:53', '2018-12-09 13:57:53'),
(105, 'Creating our First Webpage', 520, 1, 1, NULL, NULL, 'unpaid', 1, '5', '2018-12-09 13:57:53', '2018-12-09 13:57:53'),
(106, 'Creating our First Webpage', 520, 1, 1, NULL, NULL, 'unpaid', 1, '5', '2018-12-09 13:57:53', '2018-12-09 13:57:53'),
(107, 'Creating our First Webpage', 520, 1, 1, NULL, NULL, 'unpaid', 1, '5', '2018-12-09 13:57:53', '2018-12-09 13:57:53'),
(108, 'Creating our First Webpage', 520, 1, 1, NULL, NULL, 'unpaid', 1, '5', '2018-12-09 13:57:53', '2018-12-09 13:57:53'),
(109, 'Creating our First Webpage', 520, 1, 1, NULL, NULL, 'unpaid', 1, '5', '2018-12-09 13:57:53', '2018-12-09 13:57:53'),
(110, 'Creating our First Webpage', 520, 1, 1, NULL, NULL, 'unpaid', 1, '5', '2018-12-09 13:57:53', '2018-12-09 13:57:53'),
(111, 'Creating our First Webpage', 520, 1, 1, NULL, NULL, 'unpaid', 1, '5', '2018-12-09 13:57:53', '2018-12-09 13:57:53'),
(112, 'Creating our First Webpage', 520, 1, 1, NULL, NULL, 'unpaid', 1, '5', '2018-12-09 13:57:53', '2018-12-09 13:57:53'),
(113, 'Creating our First Webpage', 520, 1, 1, NULL, NULL, 'unpaid', 1, '5', '2018-12-09 13:57:53', '2018-12-09 13:57:53'),
(114, 'Creating our First Webpage', 520, 1, 1, NULL, NULL, 'unpaid', 1, '5', '2018-12-09 13:57:53', '2018-12-09 13:57:53'),
(115, 'Creating our First Webpage', 520, 1, 1, NULL, NULL, 'unpaid', 1, '5', '2018-12-09 13:57:53', '2018-12-09 13:57:53'),
(116, 'Creating our First Webpage', 520, 1, 1, NULL, NULL, 'unpaid', 1, '5', '2018-12-09 13:57:53', '2018-12-09 13:57:53'),
(117, 'Creating our First Webpage', 520, 1, 1, NULL, NULL, 'unpaid', 1, '5', '2018-12-09 13:57:53', '2018-12-09 13:57:53'),
(118, 'Creating our First Webpage', 520, 1, 1, NULL, NULL, 'unpaid', 1, '5', '2018-12-09 13:57:53', '2018-12-09 13:57:53'),
(119, 'Creating our First Webpage', 520, 1, 1, NULL, NULL, 'unpaid', 1, '5', '2018-12-09 13:57:53', '2018-12-09 13:57:53'),
(120, 'Creating our First Webpage', 520, 1, 1, NULL, NULL, 'unpaid', 1, '5', '2018-12-09 13:57:53', '2018-12-09 13:57:53'),
(121, 'Creating our First Webpage', 520, 1, 1, NULL, NULL, 'unpaid', 1, '5', '2018-12-09 13:57:53', '2018-12-09 13:57:53'),
(122, 'Creating our First Webpage', 520, 1, 1, NULL, NULL, 'unpaid', 1, '5', '2018-12-09 13:57:53', '2018-12-09 13:57:53'),
(123, 'Creating our First Webpage', 520, 1, 1, NULL, NULL, 'unpaid', 1, '5', '2018-12-09 13:57:53', '2018-12-09 13:57:53'),
(124, 'Creating our First Webpage', 520, 1, 1, NULL, NULL, 'unpaid', 1, '5', '2018-12-09 13:57:53', '2018-12-09 13:57:53'),
(125, 'Creating our First Webpage', 520, 1, 1, NULL, NULL, 'unpaid', 1, '5', '2018-12-09 13:57:53', '2018-12-09 13:57:53'),
(126, 'Creating our First Webpage', 520, 1, 1, NULL, NULL, 'unpaid', 1, '5', '2018-12-09 13:57:53', '2018-12-09 13:57:53'),
(127, 'Creating our First Webpage', 520, 1, 1, NULL, NULL, 'unpaid', 1, '5', '2018-12-09 13:57:53', '2018-12-09 13:57:53'),
(128, 'Creating our First Webpage', 520, 1, 1, NULL, NULL, 'unpaid', 1, '5', '2018-12-09 13:57:53', '2018-12-09 13:57:53'),
(129, 'Creating our First Webpage', 520, 1, 1, NULL, NULL, 'unpaid', 1, '5', '2018-12-09 13:57:53', '2018-12-09 13:57:53'),
(130, 'Creating our First Webpage', 520, 1, 1, NULL, NULL, 'unpaid', 1, '5', '2018-12-09 13:57:53', '2018-12-09 13:57:53'),
(131, 'Creating our First Webpage', 520, 1, 1, NULL, NULL, 'unpaid', 1, '5', '2018-12-09 13:57:53', '2018-12-09 13:57:53'),
(132, 'Creating our First Webpage', 520, 1, 1, NULL, NULL, 'unpaid', 1, '5', '2018-12-09 13:57:53', '2018-12-09 13:57:53'),
(133, 'Creating our First Webpage', 520, 1, 1, NULL, NULL, 'unpaid', 1, '5', '2018-12-09 13:57:53', '2018-12-09 13:57:53'),
(134, 'Creating our First Webpage', 520, 1, 1, NULL, NULL, 'unpaid', 1, '5', '2018-12-09 13:57:53', '2018-12-09 13:57:53'),
(135, 'Creating our First Webpage', 520, 1, 1, NULL, NULL, 'unpaid', 1, '5', '2018-12-09 13:57:53', '2018-12-09 13:57:53'),
(136, 'Creating our First Webpage', 520, 1, 1, NULL, NULL, 'unpaid', 1, '5', '2018-12-09 13:57:53', '2018-12-09 13:57:53'),
(137, 'Creating our First Webpage', 520, 1, 1, NULL, NULL, 'unpaid', 1, '5', '2018-12-09 13:57:53', '2018-12-09 13:57:53'),
(138, 'Creating our First Webpage', 520, 1, 1, NULL, NULL, 'unpaid', 1, '5', '2018-12-09 13:57:53', '2018-12-09 13:57:53'),
(139, 'Creating our First Webpage', 520, 1, 1, NULL, NULL, 'unpaid', 1, '5', '2018-12-09 13:57:53', '2018-12-09 13:57:53'),
(140, 'Creating our First Webpage', 520, 1, 1, NULL, NULL, 'unpaid', 1, '5', '2018-12-09 13:57:53', '2018-12-09 13:57:53'),
(141, 'Creating our First Webpage', 520, 1, 1, NULL, NULL, 'unpaid', 1, '5', '2018-12-09 13:57:53', '2018-12-09 13:57:53'),
(142, 'Creating our First Webpage', 520, 1, 1, NULL, NULL, 'unpaid', 1, '5', '2018-12-09 13:57:53', '2018-12-09 13:57:53'),
(143, 'Creating our First Webpage', 520, 1, 1, NULL, NULL, 'unpaid', 1, '5', '2018-12-09 13:57:53', '2018-12-09 13:57:53'),
(144, 'Creating our First Webpage', 520, 1, 1, NULL, NULL, 'unpaid', 1, '5', '2018-12-09 13:57:53', '2018-12-09 13:57:53'),
(145, 'Creating our First Webpage', 520, 1, 1, NULL, NULL, 'unpaid', 1, '5', '2018-12-09 13:57:53', '2018-12-09 13:57:53'),
(146, 'Creating our First Webpage', 520, 1, 1, NULL, NULL, 'unpaid', 1, '5', '2018-12-09 13:57:53', '2018-12-09 13:57:53'),
(147, 'Creating our First Webpage', 520, 1, 1, NULL, NULL, 'unpaid', 1, '5', '2018-12-09 13:57:53', '2018-12-09 13:57:53'),
(148, 'Creating our First Webpage', 520, 1, 1, NULL, NULL, 'unpaid', 1, '5', '2018-12-09 13:57:53', '2018-12-09 13:57:53'),
(149, 'Creating our First Webpage', 520, 1, 1, NULL, NULL, 'unpaid', 1, '5', '2018-12-09 13:57:53', '2018-12-09 13:57:53'),
(150, 'Creating our First Webpage', 520, 1, 1, NULL, NULL, 'unpaid', 1, '5', '2018-12-09 13:57:53', '2018-12-09 13:57:53'),
(151, 'Creating our First Webpage', 520, 1, 1, NULL, NULL, 'unpaid', 1, '5', '2018-12-09 13:57:53', '2018-12-09 13:57:53'),
(152, 'Creating our First Webpage', 520, 1, 1, NULL, NULL, 'unpaid', 1, '5', '2018-12-09 13:57:53', '2018-12-09 13:57:53'),
(153, 'Creating our First Webpage', 520, 1, 1, NULL, NULL, 'unpaid', 1, '5', '2018-12-09 13:57:53', '2018-12-09 13:57:53'),
(154, 'Creating our First Webpage', 520, 1, 1, NULL, NULL, 'unpaid', 1, '5', '2018-12-09 13:57:53', '2018-12-09 13:57:53'),
(155, 'Creating our First Webpage', 520, 1, 1, NULL, NULL, 'unpaid', 1, '5', '2018-12-09 13:57:53', '2018-12-09 13:57:53'),
(156, 'Creating our First Webpage', 520, 1, 1, NULL, NULL, 'unpaid', 1, '5', '2018-12-09 13:57:53', '2018-12-09 13:57:53'),
(157, 'Creating our First Webpage', 520, 1, 1, NULL, NULL, 'unpaid', 1, '5', '2018-12-09 13:57:53', '2018-12-09 13:57:53'),
(158, 'Creating our First Webpage', 520, 1, 1, NULL, NULL, 'unpaid', 1, '5', '2018-12-09 13:57:53', '2018-12-09 13:57:53'),
(159, 'Creating our First Webpage', 520, 1, 1, NULL, NULL, 'unpaid', 1, '5', '2018-12-09 13:57:53', '2018-12-09 13:57:53'),
(160, 'Creating our First Webpage', 520, 1, 1, NULL, NULL, 'unpaid', 1, '5', '2018-12-09 13:57:53', '2018-12-09 13:57:53'),
(161, 'Creating our First Webpage', 520, 1, 1, NULL, NULL, 'unpaid', 1, '5', '2018-12-09 13:57:53', '2018-12-09 13:57:53'),
(162, 'Creating our First Webpage', 520, 1, 1, NULL, NULL, 'unpaid', 1, '5', '2018-12-09 13:57:53', '2018-12-09 13:57:53'),
(163, 'Creating our First Webpage', 520, 1, 1, NULL, NULL, 'unpaid', 1, '5', '2018-12-09 13:57:53', '2018-12-09 13:57:53'),
(164, 'Creating our First Webpage', 520, 1, 1, NULL, NULL, 'unpaid', 1, '5', '2018-12-09 13:57:53', '2018-12-09 13:57:53'),
(165, 'Creating our First Webpage', 520, 1, 1, NULL, NULL, 'unpaid', 1, '5', '2018-12-09 13:57:53', '2018-12-09 13:57:53'),
(166, 'Creating our First Webpage', 520, 1, 1, NULL, NULL, 'unpaid', 1, '5', '2018-12-09 13:57:53', '2018-12-09 13:57:53'),
(167, 'Creating our First Webpage', 520, 1, 1, NULL, NULL, 'unpaid', 1, '5', '2018-12-09 13:57:53', '2018-12-09 13:57:53'),
(168, 'Creating our First Webpage', 520, 1, 1, NULL, NULL, 'unpaid', 1, '5', '2018-12-09 13:57:53', '2018-12-09 13:57:53'),
(169, 'Creating our First Webpage', 520, 1, 1, NULL, NULL, 'unpaid', 1, '5', '2018-12-09 13:57:53', '2018-12-09 13:57:53'),
(170, 'Creating our First Webpage', 520, 1, 1, NULL, NULL, 'unpaid', 1, '5', '2018-12-09 13:57:53', '2018-12-09 13:57:53'),
(171, 'Creating our First Webpage', 520, 1, 1, NULL, NULL, 'unpaid', 1, '5', '2018-12-09 13:57:53', '2018-12-09 13:57:53'),
(172, 'Creating our First Webpage', 520, 1, 1, NULL, NULL, 'unpaid', 1, '5', '2018-12-09 13:57:53', '2018-12-09 13:57:53'),
(173, 'Creating our First Webpage', 520, 1, 1, NULL, NULL, 'unpaid', 1, '5', '2018-12-09 13:57:53', '2018-12-09 13:57:53'),
(174, 'Creating our First Webpage', 520, 1, 1, NULL, NULL, 'unpaid', 1, '5', '2018-12-09 13:57:53', '2018-12-09 13:57:53'),
(175, 'Creating our First Webpage', 520, 1, 1, NULL, NULL, 'unpaid', 1, '5', '2018-12-09 13:57:53', '2018-12-09 13:57:53'),
(176, 'Creating our First Webpage', 520, 1, 1, NULL, NULL, 'unpaid', 1, '5', '2018-12-09 13:57:53', '2018-12-09 13:57:53'),
(177, 'Creating our First Webpage', 520, 1, 1, NULL, NULL, 'unpaid', 1, '5', '2018-12-09 13:57:53', '2018-12-09 13:57:53'),
(178, 'Creating our First Webpage', 520, 1, 1, NULL, NULL, 'unpaid', 1, '5', '2018-12-09 13:57:53', '2018-12-09 13:57:53'),
(179, 'Creating our First Webpage', 520, 1, 1, NULL, NULL, 'unpaid', 1, '5', '2018-12-09 13:57:53', '2018-12-09 13:57:53'),
(180, 'Creating our First Webpage', 520, 1, 1, NULL, NULL, 'unpaid', 1, '5', '2018-12-09 13:57:53', '2018-12-09 13:57:53'),
(181, 'Creating our First Webpage', 520, 1, 1, NULL, NULL, 'unpaid', 1, '5', '2018-12-09 13:57:53', '2018-12-09 13:57:53'),
(182, 'Creating our First Webpage', 520, 1, 1, NULL, NULL, 'unpaid', 1, '5', '2018-12-09 13:57:53', '2018-12-09 13:57:53'),
(183, 'Creating our First Webpage', 520, 1, 1, NULL, NULL, 'unpaid', 1, '5', '2018-12-09 13:57:53', '2018-12-09 13:57:53'),
(184, 'Creating our First Webpage', 520, 1, 1, NULL, NULL, 'unpaid', 1, '5', '2018-12-09 13:57:53', '2018-12-09 13:57:53'),
(185, 'Creating our First Webpage', 520, 1, 1, NULL, NULL, 'unpaid', 1, '5', '2018-12-09 13:57:53', '2018-12-09 13:57:53'),
(186, 'Creating our First Webpage', 520, 1, 1, NULL, NULL, 'unpaid', 1, '5', '2018-12-09 13:57:53', '2018-12-09 13:57:53'),
(187, 'Creating our First Webpage', 520, 1, 1, NULL, NULL, 'unpaid', 1, '5', '2018-12-09 13:57:53', '2018-12-09 13:57:53'),
(188, 'Creating our First Webpage', 520, 1, 1, NULL, NULL, 'unpaid', 1, '5', '2018-12-09 13:57:53', '2018-12-09 13:57:53'),
(189, 'Creating our First Webpage', 520, 1, 1, NULL, NULL, 'unpaid', 1, '5', '2018-12-09 13:57:53', '2018-12-09 13:57:53'),
(190, 'Creating our First Webpage', 520, 1, 1, NULL, NULL, 'unpaid', 1, '5', '2018-12-09 13:57:53', '2018-12-09 13:57:53'),
(191, 'Creating our First Webpage', 520, 1, 1, NULL, NULL, 'unpaid', 1, '5', '2018-12-09 13:57:53', '2018-12-09 13:57:53'),
(192, 'Creating our First Webpage', 520, 1, 1, NULL, NULL, 'unpaid', 1, '5', '2018-12-09 13:57:53', '2018-12-09 13:57:53'),
(193, 'Creating our First Webpage', 520, 1, 1, NULL, NULL, 'unpaid', 1, '5', '2018-12-09 13:57:53', '2018-12-09 13:57:53'),
(194, 'Creating our First Webpage', 520, 1, 1, NULL, NULL, 'unpaid', 1, '5', '2018-12-09 13:57:53', '2018-12-09 13:57:53'),
(195, 'Creating our First Webpage', 520, 1, 1, NULL, NULL, 'unpaid', 1, '5', '2018-12-09 13:57:53', '2018-12-09 13:57:53'),
(196, 'Creating our First Webpage', 520, 1, 1, NULL, NULL, 'unpaid', 1, '5', '2018-12-09 13:57:53', '2018-12-09 13:57:53'),
(197, 'Creating our First Webpage', 520, 1, 1, NULL, NULL, 'unpaid', 1, '5', '2018-12-09 13:57:53', '2018-12-09 13:57:53'),
(198, 'Creating our First Webpage', 520, 1, 1, NULL, NULL, 'unpaid', 1, '5', '2018-12-09 13:57:53', '2018-12-09 13:57:53'),
(199, 'Creating our First Webpage', 520, 1, 1, NULL, NULL, 'unpaid', 1, '5', '2018-12-09 13:57:53', '2018-12-09 13:57:53'),
(200, 'Creating our First Webpage', 520, 1, 1, NULL, NULL, 'unpaid', 1, '5', '2018-12-09 13:57:53', '2018-12-09 13:57:53'),
(4876, 'Eminem', 744, 3, 14, NULL, 471, 'unpaid', 1, '5', '2019-01-18 19:44:35', '2019-01-18 19:44:35'),
(4875, 'Inaaya Mamuni', 786, 1, 9, NULL, 786, 'paid', 1, '5', '2019-01-18 19:36:56', '2019-01-18 19:36:56'),
(4874, 'Inaaya Mamuni', 786, 1, 8, NULL, 786, 'paid', 1, '5', '2019-01-18 19:36:56', '2019-01-18 19:36:56'),
(4873, 'Inaaya Mamuni', 786, 1, 7, NULL, 786, 'paid', 1, '5', '2019-01-18 19:36:56', '2019-01-18 19:36:56'),
(4869, 'Installing on Windows789789', 789, 1, 1, NULL, 250, 'unpaid', 1, '5', '2019-01-18 19:32:05', '2019-01-18 19:32:05'),
(4870, 'Installing on Windows789789', 789, 1, 2, NULL, 250, 'unpaid', 1, '5', '2019-01-18 19:32:05', '2019-01-18 19:32:05'),
(4872, 'Inaaya Mamuni', 786, 1, 5, NULL, 786, 'paid', 1, '5', '2019-01-18 19:36:56', '2019-01-18 19:36:56'),
(4004, 'Creating our First Webpage', 520, 1, 1, NULL, NULL, 'unpaid', 1, '5', '2018-12-09 13:57:53', '2018-12-09 13:57:53'),
(4005, 'Creating our First Webpage', 520, 1, 1, NULL, NULL, 'unpaid', 1, '5', '2018-12-09 13:57:53', '2018-12-09 13:57:53'),
(4006, 'Creating our First Webpage', 520, 1, 1, NULL, NULL, 'unpaid', 1, '5', '2018-12-09 13:57:53', '2018-12-09 13:57:53'),
(4007, 'Creating our First Webpage', 520, 1, 1, NULL, NULL, 'unpaid', 1, '5', '2018-12-09 13:57:53', '2018-12-09 13:57:53'),
(4008, 'Creating our First Webpage', 520, 1, 1, NULL, NULL, 'unpaid', 1, '5', '2018-12-09 13:57:53', '2018-12-09 13:57:53'),
(4009, 'Creating our First Webpage', 520, 1, 1, NULL, NULL, 'unpaid', 1, '5', '2018-12-09 13:57:53', '2018-12-09 13:57:53'),
(4010, 'Creating our First Webpage', 520, 1, 1, NULL, NULL, 'unpaid', 1, '5', '2018-12-09 13:57:53', '2018-12-09 13:57:53'),
(4011, 'Creating our First Webpage', 520, 1, 1, NULL, NULL, 'unpaid', 1, '5', '2018-12-09 13:57:53', '2018-12-09 13:57:53'),
(4012, 'Creating our First Webpage', 520, 1, 1, NULL, NULL, 'unpaid', 1, '5', '2018-12-09 13:57:53', '2018-12-09 13:57:53'),
(4013, 'Creating our First Webpage', 520, 1, 1, NULL, NULL, 'unpaid', 1, '5', '2018-12-09 13:57:53', '2018-12-09 13:57:53'),
(4014, 'Creating our First Webpage', 520, 1, 1, NULL, NULL, 'unpaid', 1, '5', '2018-12-09 13:57:53', '2018-12-09 13:57:53'),
(4015, 'Creating our First Webpage', 520, 1, 1, NULL, NULL, 'unpaid', 1, '5', '2018-12-09 13:57:53', '2018-12-09 13:57:53'),
(4016, 'Creating our First Webpage', 520, 1, 1, NULL, NULL, 'unpaid', 1, '5', '2018-12-09 13:57:53', '2018-12-09 13:57:53'),
(4017, 'Creating our First Webpage', 520, 1, 1, NULL, NULL, 'unpaid', 1, '5', '2018-12-09 13:57:53', '2018-12-09 13:57:53'),
(4018, 'Creating our First Webpage', 520, 1, 1, NULL, NULL, 'unpaid', 1, '5', '2018-12-09 13:57:53', '2018-12-09 13:57:53'),
(4019, 'Creating our First Webpage', 520, 1, 1, NULL, NULL, 'unpaid', 1, '5', '2018-12-09 13:57:53', '2018-12-09 13:57:53'),
(4020, 'Creating our First Webpage', 520, 1, 1, NULL, NULL, 'unpaid', 1, '5', '2018-12-09 13:57:53', '2018-12-09 13:57:53'),
(4021, 'Creating our First Webpage', 520, 1, 1, NULL, NULL, 'unpaid', 1, '5', '2018-12-09 13:57:53', '2018-12-09 13:57:53'),
(4022, 'Creating our First Webpage', 520, 1, 1, NULL, NULL, 'unpaid', 1, '5', '2018-12-09 13:57:53', '2018-12-09 13:57:53'),
(4023, 'Creating our First Webpage', 520, 1, 1, NULL, NULL, 'unpaid', 1, '5', '2018-12-09 13:57:53', '2018-12-09 13:57:53'),
(4024, 'Creating our First Webpage', 520, 1, 1, NULL, NULL, 'unpaid', 1, '5', '2018-12-09 13:57:53', '2018-12-09 13:57:53'),
(4025, 'Creating our First Webpage', 520, 1, 1, NULL, NULL, 'unpaid', 1, '5', '2018-12-09 13:57:53', '2018-12-09 13:57:53'),
(4026, 'Creating our First Webpage', 520, 1, 1, NULL, NULL, 'unpaid', 1, '5', '2018-12-09 13:57:53', '2018-12-09 13:57:53'),
(4027, 'Creating our First Webpage', 520, 1, 1, NULL, NULL, 'unpaid', 1, '5', '2018-12-09 13:57:53', '2018-12-09 13:57:53'),
(4028, 'Creating our First Webpage', 520, 1, 1, NULL, NULL, 'unpaid', 1, '5', '2018-12-09 13:57:53', '2018-12-09 13:57:53'),
(4029, 'Creating our First Webpage', 520, 1, 1, NULL, NULL, 'unpaid', 1, '5', '2018-12-09 13:57:53', '2018-12-09 13:57:53'),
(4030, 'Creating our First Webpage', 520, 1, 1, NULL, NULL, 'unpaid', 1, '5', '2018-12-09 13:57:53', '2018-12-09 13:57:53'),
(4031, 'Creating our First Webpage', 520, 1, 1, NULL, NULL, 'unpaid', 1, '5', '2018-12-09 13:57:53', '2018-12-09 13:57:53'),
(4032, 'Creating our First Webpage', 520, 1, 1, NULL, NULL, 'unpaid', 1, '5', '2018-12-09 13:57:53', '2018-12-09 13:57:53'),
(4033, 'Creating our First Webpage', 520, 1, 1, NULL, NULL, 'unpaid', 1, '5', '2018-12-09 13:57:53', '2018-12-09 13:57:53'),
(4034, 'Creating our First Webpage', 520, 1, 1, NULL, NULL, 'unpaid', 1, '5', '2018-12-09 13:57:53', '2018-12-09 13:57:53'),
(4035, 'Creating our First Webpage', 520, 1, 1, NULL, NULL, 'unpaid', 1, '5', '2018-12-09 13:57:53', '2018-12-09 13:57:53'),
(4036, 'Creating our First Webpage', 520, 1, 1, NULL, NULL, 'unpaid', 1, '5', '2018-12-09 13:57:53', '2018-12-09 13:57:53'),
(4037, 'Creating our First Webpage', 520, 1, 1, NULL, NULL, 'unpaid', 1, '5', '2018-12-09 13:57:53', '2018-12-09 13:57:53'),
(4038, 'Creating our First Webpage', 520, 1, 1, NULL, NULL, 'unpaid', 1, '5', '2018-12-09 13:57:53', '2018-12-09 13:57:53'),
(4039, 'Creating our First Webpage', 520, 1, 1, NULL, NULL, 'unpaid', 1, '5', '2018-12-09 13:57:53', '2018-12-09 13:57:53'),
(4040, 'Creating our First Webpage', 520, 1, 1, NULL, NULL, 'unpaid', 1, '5', '2018-12-09 13:57:53', '2018-12-09 13:57:53'),
(4041, 'Creating our First Webpage', 520, 1, 1, NULL, NULL, 'unpaid', 1, '5', '2018-12-09 13:57:53', '2018-12-09 13:57:53'),
(4042, 'Creating our First Webpage', 520, 1, 1, NULL, NULL, 'unpaid', 1, '5', '2018-12-09 13:57:53', '2018-12-09 13:57:53'),
(4043, 'Creating our First Webpage', 520, 1, 1, NULL, NULL, 'unpaid', 1, '5', '2018-12-09 13:57:53', '2018-12-09 13:57:53'),
(4044, 'Creating our First Webpage', 520, 1, 1, NULL, NULL, 'unpaid', 1, '5', '2018-12-09 13:57:53', '2018-12-09 13:57:53'),
(4045, 'Creating our First Webpage', 520, 1, 1, NULL, NULL, 'unpaid', 1, '5', '2018-12-09 13:57:53', '2018-12-09 13:57:53'),
(4046, 'Creating our First Webpage', 520, 1, 1, NULL, NULL, 'unpaid', 1, '5', '2018-12-09 13:57:53', '2018-12-09 13:57:53'),
(4047, 'Creating our First Webpage', 520, 1, 1, NULL, NULL, 'unpaid', 1, '5', '2018-12-09 13:57:53', '2018-12-09 13:57:53'),
(4048, 'Creating our First Webpage', 520, 1, 1, NULL, NULL, 'unpaid', 1, '5', '2018-12-09 13:57:53', '2018-12-09 13:57:53'),
(4049, 'Creating our First Webpage', 520, 1, 1, NULL, NULL, 'unpaid', 1, '5', '2018-12-09 13:57:53', '2018-12-09 13:57:53'),
(4050, 'Creating our First Webpage', 520, 1, 1, NULL, NULL, 'unpaid', 1, '5', '2018-12-09 13:57:53', '2018-12-09 13:57:53'),
(4051, 'Creating our First Webpage', 520, 1, 1, NULL, NULL, 'unpaid', 1, '5', '2018-12-09 13:57:53', '2018-12-09 13:57:53'),
(4052, 'Creating our First Webpage', 520, 1, 1, NULL, NULL, 'unpaid', 1, '5', '2018-12-09 13:57:53', '2018-12-09 13:57:53'),
(4053, 'Creating our First Webpage', 520, 1, 1, NULL, NULL, 'unpaid', 1, '5', '2018-12-09 13:57:53', '2018-12-09 13:57:53'),
(4054, 'Creating our First Webpage', 520, 1, 1, NULL, NULL, 'unpaid', 1, '5', '2018-12-09 13:57:53', '2018-12-09 13:57:53'),
(4055, 'Creating our First Webpage', 520, 1, 1, NULL, NULL, 'unpaid', 1, '5', '2018-12-09 13:57:53', '2018-12-09 13:57:53'),
(4056, 'Creating our First Webpage', 520, 1, 1, NULL, NULL, 'unpaid', 1, '5', '2018-12-09 13:57:53', '2018-12-09 13:57:53'),
(4057, 'Creating our First Webpage', 520, 1, 1, NULL, NULL, 'unpaid', 1, '5', '2018-12-09 13:57:53', '2018-12-09 13:57:53'),
(4058, 'Creating our First Webpage', 520, 1, 1, NULL, NULL, 'unpaid', 1, '5', '2018-12-09 13:57:53', '2018-12-09 13:57:53'),
(4059, 'Creating our First Webpage', 520, 1, 1, NULL, NULL, 'unpaid', 1, '5', '2018-12-09 13:57:53', '2018-12-09 13:57:53'),
(4060, 'Creating our First Webpage', 520, 1, 1, NULL, NULL, 'unpaid', 1, '5', '2018-12-09 13:57:53', '2018-12-09 13:57:53'),
(4061, 'Creating our First Webpage', 520, 1, 1, NULL, NULL, 'unpaid', 1, '5', '2018-12-09 13:57:53', '2018-12-09 13:57:53'),
(4062, 'Creating our First Webpage', 520, 1, 1, NULL, NULL, 'unpaid', 1, '5', '2018-12-09 13:57:53', '2018-12-09 13:57:53'),
(4063, 'Creating our First Webpage', 520, 1, 1, NULL, NULL, 'unpaid', 1, '5', '2018-12-09 13:57:53', '2018-12-09 13:57:53'),
(4064, 'Creating our First Webpage', 520, 1, 1, NULL, NULL, 'unpaid', 1, '5', '2018-12-09 13:57:53', '2018-12-09 13:57:53'),
(4065, 'Creating our First Webpage', 520, 1, 1, NULL, NULL, 'unpaid', 1, '5', '2018-12-09 13:57:53', '2018-12-09 13:57:53'),
(4066, 'Creating our First Webpage', 520, 1, 1, NULL, NULL, 'unpaid', 1, '5', '2018-12-09 13:57:53', '2018-12-09 13:57:53'),
(4067, 'Creating our First Webpage', 520, 1, 1, NULL, NULL, 'unpaid', 1, '5', '2018-12-09 13:57:53', '2018-12-09 13:57:53'),
(4068, 'Creating our First Webpage', 520, 1, 1, NULL, NULL, 'unpaid', 1, '5', '2018-12-09 13:57:53', '2018-12-09 13:57:53'),
(4069, 'Creating our First Webpage', 520, 1, 1, NULL, NULL, 'unpaid', 1, '5', '2018-12-09 13:57:53', '2018-12-09 13:57:53'),
(4070, 'Creating our First Webpage', 520, 1, 1, NULL, NULL, 'unpaid', 1, '5', '2018-12-09 13:57:53', '2018-12-09 13:57:53'),
(4071, 'Creating our First Webpage', 520, 1, 1, NULL, NULL, 'unpaid', 1, '5', '2018-12-09 13:57:53', '2018-12-09 13:57:53'),
(4072, 'Creating our First Webpage', 520, 1, 1, NULL, NULL, 'unpaid', 1, '5', '2018-12-09 13:57:53', '2018-12-09 13:57:53'),
(4073, 'Creating our First Webpage', 520, 1, 1, NULL, NULL, 'unpaid', 1, '5', '2018-12-09 13:57:53', '2018-12-09 13:57:53'),
(4074, 'Creating our First Webpage', 520, 1, 1, NULL, NULL, 'unpaid', 1, '5', '2018-12-09 13:57:53', '2018-12-09 13:57:53'),
(4075, 'Creating our First Webpage', 520, 1, 1, NULL, NULL, 'unpaid', 1, '5', '2018-12-09 13:57:53', '2018-12-09 13:57:53'),
(4076, 'Creating our First Webpage', 520, 1, 1, NULL, NULL, 'unpaid', 1, '5', '2018-12-09 13:57:53', '2018-12-09 13:57:53'),
(4077, 'Creating our First Webpage', 520, 1, 1, NULL, NULL, 'unpaid', 1, '5', '2018-12-09 13:57:53', '2018-12-09 13:57:53'),
(4078, 'Creating our First Webpage', 520, 1, 1, NULL, NULL, 'unpaid', 1, '5', '2018-12-09 13:57:53', '2018-12-09 13:57:53'),
(4079, 'Creating our First Webpage', 520, 1, 1, NULL, NULL, 'unpaid', 1, '5', '2018-12-09 13:57:53', '2018-12-09 13:57:53'),
(4080, 'Creating our First Webpage', 520, 1, 1, NULL, NULL, 'unpaid', 1, '5', '2018-12-09 13:57:53', '2018-12-09 13:57:53'),
(4081, 'Creating our First Webpage', 520, 1, 1, NULL, NULL, 'unpaid', 1, '5', '2018-12-09 13:57:53', '2018-12-09 13:57:53'),
(4082, 'Creating our First Webpage', 520, 1, 1, NULL, NULL, 'unpaid', 1, '5', '2018-12-09 13:57:53', '2018-12-09 13:57:53'),
(4083, 'Creating our First Webpage', 520, 1, 1, NULL, NULL, 'unpaid', 1, '5', '2018-12-09 13:57:53', '2018-12-09 13:57:53'),
(4084, 'Creating our First Webpage', 520, 1, 1, NULL, NULL, 'unpaid', 1, '5', '2018-12-09 13:57:53', '2018-12-09 13:57:53'),
(4085, 'Creating our First Webpage', 520, 1, 1, NULL, NULL, 'unpaid', 1, '5', '2018-12-09 13:57:53', '2018-12-09 13:57:53'),
(4086, 'Creating our First Webpage', 520, 1, 1, NULL, NULL, 'unpaid', 1, '5', '2018-12-09 13:57:53', '2018-12-09 13:57:53'),
(4087, 'Creating our First Webpage', 520, 1, 1, NULL, NULL, 'unpaid', 1, '5', '2018-12-09 13:57:53', '2018-12-09 13:57:53'),
(4088, 'Creating our First Webpage', 520, 1, 1, NULL, NULL, 'unpaid', 1, '5', '2018-12-09 13:57:53', '2018-12-09 13:57:53'),
(4089, 'Creating our First Webpage', 520, 1, 1, NULL, NULL, 'unpaid', 1, '5', '2018-12-09 13:57:53', '2018-12-09 13:57:53'),
(4090, 'Creating our First Webpage', 520, 1, 1, NULL, NULL, 'unpaid', 1, '5', '2018-12-09 13:57:53', '2018-12-09 13:57:53'),
(4091, 'Creating our First Webpage', 520, 1, 1, NULL, NULL, 'unpaid', 1, '5', '2018-12-09 13:57:53', '2018-12-09 13:57:53'),
(4092, 'Creating our First Webpage', 520, 1, 1, NULL, NULL, 'unpaid', 1, '5', '2018-12-09 13:57:53', '2018-12-09 13:57:53'),
(4093, 'Creating our First Webpage', 520, 1, 1, NULL, NULL, 'unpaid', 1, '5', '2018-12-09 13:57:53', '2018-12-09 13:57:53'),
(4094, 'Creating our First Webpage', 520, 1, 1, NULL, NULL, 'unpaid', 1, '5', '2018-12-09 13:57:53', '2018-12-09 13:57:53'),
(4095, 'Creating our First Webpage', 520, 1, 1, NULL, NULL, 'unpaid', 1, '5', '2018-12-09 13:57:53', '2018-12-09 13:57:53'),
(4096, 'Creating our First Webpage', 520, 1, 1, NULL, NULL, 'unpaid', 1, '5', '2018-12-09 13:57:53', '2018-12-09 13:57:53'),
(4097, 'Creating our First Webpage', 520, 1, 1, NULL, NULL, 'unpaid', 1, '5', '2018-12-09 13:57:53', '2018-12-09 13:57:53'),
(4098, 'Creating our First Webpage', 520, 1, 1, NULL, NULL, 'unpaid', 1, '5', '2018-12-09 13:57:53', '2018-12-09 13:57:53'),
(4099, 'Creating our First Webpage', 520, 1, 1, NULL, NULL, 'unpaid', 1, '5', '2018-12-09 13:57:53', '2018-12-09 13:57:53'),
(4100, 'Creating our First Webpage', 520, 1, 1, NULL, NULL, 'unpaid', 1, '5', '2018-12-09 13:57:53', '2018-12-09 13:57:53'),
(4101, 'Creating our First Webpage', 520, 1, 1, NULL, NULL, 'unpaid', 1, '5', '2018-12-09 13:57:53', '2018-12-09 13:57:53'),
(4102, 'Creating our First Webpage', 520, 1, 1, NULL, NULL, 'unpaid', 1, '5', '2018-12-09 13:57:53', '2018-12-09 13:57:53'),
(4103, 'Creating our First Webpage', 520, 1, 1, NULL, NULL, 'unpaid', 1, '5', '2018-12-09 13:57:53', '2018-12-09 13:57:53'),
(4104, 'Creating our First Webpage', 520, 1, 1, NULL, NULL, 'unpaid', 1, '5', '2018-12-09 13:57:53', '2018-12-09 13:57:53'),
(4105, 'Creating our First Webpage', 520, 1, 1, NULL, NULL, 'unpaid', 1, '5', '2018-12-09 13:57:53', '2018-12-09 13:57:53'),
(4106, 'Creating our First Webpage', 520, 1, 1, NULL, NULL, 'unpaid', 1, '5', '2018-12-09 13:57:53', '2018-12-09 13:57:53'),
(4107, 'Creating our First Webpage', 520, 1, 1, NULL, NULL, 'unpaid', 1, '5', '2018-12-09 13:57:53', '2018-12-09 13:57:53'),
(4108, 'Creating our First Webpage', 520, 1, 1, NULL, NULL, 'unpaid', 1, '5', '2018-12-09 13:57:53', '2018-12-09 13:57:53'),
(4109, 'Creating our First Webpage', 520, 1, 1, NULL, NULL, 'unpaid', 1, '5', '2018-12-09 13:57:53', '2018-12-09 13:57:53'),
(4110, 'Creating our First Webpage', 520, 1, 1, NULL, NULL, 'unpaid', 1, '5', '2018-12-09 13:57:53', '2018-12-09 13:57:53'),
(4111, 'Creating our First Webpage', 520, 1, 1, NULL, NULL, 'unpaid', 1, '5', '2018-12-09 13:57:53', '2018-12-09 13:57:53'),
(4112, 'Creating our First Webpage', 520, 1, 1, NULL, NULL, 'unpaid', 1, '5', '2018-12-09 13:57:53', '2018-12-09 13:57:53'),
(4113, 'Creating our First Webpage', 520, 1, 1, NULL, NULL, 'unpaid', 1, '5', '2018-12-09 13:57:53', '2018-12-09 13:57:53'),
(4114, 'Creating our First Webpage', 520, 1, 1, NULL, NULL, 'unpaid', 1, '5', '2018-12-09 13:57:53', '2018-12-09 13:57:53'),
(4115, 'Creating our First Webpage', 520, 1, 1, NULL, NULL, 'unpaid', 1, '5', '2018-12-09 13:57:53', '2018-12-09 13:57:53'),
(4116, 'Creating our First Webpage', 520, 1, 1, NULL, NULL, 'unpaid', 1, '5', '2018-12-09 13:57:53', '2018-12-09 13:57:53'),
(4117, 'Creating our First Webpage', 520, 1, 1, NULL, NULL, 'unpaid', 1, '5', '2018-12-09 13:57:53', '2018-12-09 13:57:53'),
(4118, 'Creating our First Webpage', 520, 1, 1, NULL, NULL, 'unpaid', 1, '5', '2018-12-09 13:57:53', '2018-12-09 13:57:53'),
(4119, 'Creating our First Webpage', 520, 1, 1, NULL, NULL, 'unpaid', 1, '5', '2018-12-09 13:57:53', '2018-12-09 13:57:53'),
(4120, 'Creating our First Webpage', 520, 1, 1, NULL, NULL, 'unpaid', 1, '5', '2018-12-09 13:57:53', '2018-12-09 13:57:53'),
(4121, 'Creating our First Webpage', 520, 1, 1, NULL, NULL, 'unpaid', 1, '5', '2018-12-09 13:57:53', '2018-12-09 13:57:53'),
(4122, 'Creating our First Webpage', 520, 1, 1, NULL, NULL, 'unpaid', 1, '5', '2018-12-09 13:57:53', '2018-12-09 13:57:53'),
(4123, 'Creating our First Webpage', 520, 1, 1, NULL, NULL, 'unpaid', 1, '5', '2018-12-09 13:57:53', '2018-12-09 13:57:53'),
(4124, 'Creating our First Webpage', 520, 1, 1, NULL, NULL, 'unpaid', 1, '5', '2018-12-09 13:57:53', '2018-12-09 13:57:53'),
(4125, 'Creating our First Webpage', 520, 1, 1, NULL, NULL, 'unpaid', 1, '5', '2018-12-09 13:57:53', '2018-12-09 13:57:53'),
(4126, 'Creating our First Webpage', 520, 1, 1, NULL, NULL, 'unpaid', 1, '5', '2018-12-09 13:57:53', '2018-12-09 13:57:53'),
(4127, 'Creating our First Webpage', 520, 1, 1, NULL, NULL, 'unpaid', 1, '5', '2018-12-09 13:57:53', '2018-12-09 13:57:53'),
(4128, 'Creating our First Webpage', 520, 1, 1, NULL, NULL, 'unpaid', 1, '5', '2018-12-09 13:57:53', '2018-12-09 13:57:53'),
(4129, 'Creating our First Webpage', 520, 1, 1, NULL, NULL, 'unpaid', 1, '5', '2018-12-09 13:57:53', '2018-12-09 13:57:53'),
(4130, 'Creating our First Webpage', 520, 1, 1, NULL, NULL, 'unpaid', 1, '5', '2018-12-09 13:57:53', '2018-12-09 13:57:53'),
(4131, 'Creating our First Webpage', 520, 1, 1, NULL, NULL, 'unpaid', 1, '5', '2018-12-09 13:57:53', '2018-12-09 13:57:53'),
(4132, 'Creating our First Webpage', 520, 1, 1, NULL, NULL, 'unpaid', 1, '5', '2018-12-09 13:57:53', '2018-12-09 13:57:53'),
(4133, 'Creating our First Webpage', 520, 1, 1, NULL, NULL, 'unpaid', 1, '5', '2018-12-09 13:57:53', '2018-12-09 13:57:53'),
(4134, 'Creating our First Webpage', 520, 1, 1, NULL, NULL, 'unpaid', 1, '5', '2018-12-09 13:57:53', '2018-12-09 13:57:53'),
(4135, 'Creating our First Webpage', 520, 1, 1, NULL, NULL, 'unpaid', 1, '5', '2018-12-09 13:57:53', '2018-12-09 13:57:53'),
(4136, 'Creating our First Webpage', 520, 1, 1, NULL, NULL, 'unpaid', 1, '5', '2018-12-09 13:57:53', '2018-12-09 13:57:53'),
(4137, 'Creating our First Webpage', 520, 1, 1, NULL, NULL, 'unpaid', 1, '5', '2018-12-09 13:57:53', '2018-12-09 13:57:53'),
(4138, 'Creating our First Webpage', 520, 1, 1, NULL, NULL, 'unpaid', 1, '5', '2018-12-09 13:57:53', '2018-12-09 13:57:53'),
(4139, 'Creating our First Webpage', 520, 1, 1, NULL, NULL, 'unpaid', 1, '5', '2018-12-09 13:57:53', '2018-12-09 13:57:53'),
(4140, 'Creating our First Webpage', 520, 1, 1, NULL, NULL, 'unpaid', 1, '5', '2018-12-09 13:57:53', '2018-12-09 13:57:53'),
(4141, 'Creating our First Webpage', 520, 1, 1, NULL, NULL, 'unpaid', 1, '5', '2018-12-09 13:57:53', '2018-12-09 13:57:53'),
(4142, 'Creating our First Webpage', 520, 1, 1, NULL, NULL, 'unpaid', 1, '5', '2018-12-09 13:57:53', '2018-12-09 13:57:53'),
(4143, 'Creating our First Webpage', 520, 1, 1, NULL, NULL, 'unpaid', 1, '5', '2018-12-09 13:57:53', '2018-12-09 13:57:53'),
(4144, 'Creating our First Webpage', 520, 1, 1, NULL, NULL, 'unpaid', 1, '5', '2018-12-09 13:57:53', '2018-12-09 13:57:53'),
(4145, 'Creating our First Webpage', 520, 1, 1, NULL, NULL, 'unpaid', 1, '5', '2018-12-09 13:57:53', '2018-12-09 13:57:53'),
(4146, 'Creating our First Webpage', 520, 1, 1, NULL, NULL, 'unpaid', 1, '5', '2018-12-09 13:57:53', '2018-12-09 13:57:53'),
(4147, 'Creating our First Webpage', 520, 1, 1, NULL, NULL, 'unpaid', 1, '5', '2018-12-09 13:57:53', '2018-12-09 13:57:53'),
(4148, 'Creating our First Webpage', 520, 1, 1, NULL, NULL, 'unpaid', 1, '5', '2018-12-09 13:57:53', '2018-12-09 13:57:53'),
(4149, 'Creating our First Webpage', 520, 1, 1, NULL, NULL, 'unpaid', 1, '5', '2018-12-09 13:57:53', '2018-12-09 13:57:53'),
(4150, 'Creating our First Webpage', 520, 1, 1, NULL, NULL, 'unpaid', 1, '5', '2018-12-09 13:57:53', '2018-12-09 13:57:53'),
(4151, 'Creating our First Webpage', 520, 1, 1, NULL, NULL, 'unpaid', 1, '5', '2018-12-09 13:57:53', '2018-12-09 13:57:53'),
(4152, 'Creating our First Webpage', 520, 1, 1, NULL, NULL, 'unpaid', 1, '5', '2018-12-09 13:57:53', '2018-12-09 13:57:53'),
(4153, 'Creating our First Webpage', 520, 1, 1, NULL, NULL, 'unpaid', 1, '5', '2018-12-09 13:57:53', '2018-12-09 13:57:53'),
(4154, 'Creating our First Webpage', 520, 1, 1, NULL, NULL, 'unpaid', 1, '5', '2018-12-09 13:57:53', '2018-12-09 13:57:53'),
(4155, 'Creating our First Webpage', 520, 1, 1, NULL, NULL, 'unpaid', 1, '5', '2018-12-09 13:57:53', '2018-12-09 13:57:53'),
(4156, 'Creating our First Webpage', 520, 1, 1, NULL, NULL, 'unpaid', 1, '5', '2018-12-09 13:57:53', '2018-12-09 13:57:53'),
(4157, 'Creating our First Webpage', 520, 1, 1, NULL, NULL, 'unpaid', 1, '5', '2018-12-09 13:57:53', '2018-12-09 13:57:53'),
(4158, 'Creating our First Webpage', 520, 1, 1, NULL, NULL, 'unpaid', 1, '5', '2018-12-09 13:57:53', '2018-12-09 13:57:53'),
(4159, 'Creating our First Webpage', 520, 1, 1, NULL, NULL, 'unpaid', 1, '5', '2018-12-09 13:57:53', '2018-12-09 13:57:53'),
(4160, 'Creating our First Webpage', 520, 1, 1, NULL, NULL, 'unpaid', 1, '5', '2018-12-09 13:57:53', '2018-12-09 13:57:53'),
(4161, 'Creating our First Webpage', 520, 1, 1, NULL, NULL, 'unpaid', 1, '5', '2018-12-09 13:57:53', '2018-12-09 13:57:53'),
(4162, 'Creating our First Webpage', 520, 1, 1, NULL, NULL, 'unpaid', 1, '5', '2018-12-09 13:57:53', '2018-12-09 13:57:53'),
(4163, 'Creating our First Webpage', 520, 1, 1, NULL, NULL, 'unpaid', 1, '5', '2018-12-09 13:57:53', '2018-12-09 13:57:53'),
(4164, 'Creating our First Webpage', 520, 1, 1, NULL, NULL, 'unpaid', 1, '5', '2018-12-09 13:57:53', '2018-12-09 13:57:53'),
(4165, 'Creating our First Webpage', 520, 1, 1, NULL, NULL, 'unpaid', 1, '5', '2018-12-09 13:57:53', '2018-12-09 13:57:53'),
(4166, 'Creating our First Webpage', 520, 1, 1, NULL, NULL, 'unpaid', 1, '5', '2018-12-09 13:57:53', '2018-12-09 13:57:53'),
(4167, 'Creating our First Webpage', 520, 1, 1, NULL, NULL, 'unpaid', 1, '5', '2018-12-09 13:57:53', '2018-12-09 13:57:53'),
(4168, 'Creating our First Webpage', 520, 1, 1, NULL, NULL, 'unpaid', 1, '5', '2018-12-09 13:57:53', '2018-12-09 13:57:53'),
(4169, 'Creating our First Webpage', 520, 1, 1, NULL, NULL, 'unpaid', 1, '5', '2018-12-09 13:57:53', '2018-12-09 13:57:53'),
(4170, 'Creating our First Webpage', 520, 1, 1, NULL, NULL, 'unpaid', 1, '5', '2018-12-09 13:57:53', '2018-12-09 13:57:53'),
(4171, 'Creating our First Webpage', 520, 1, 1, NULL, NULL, 'unpaid', 1, '5', '2018-12-09 13:57:53', '2018-12-09 13:57:53'),
(4172, 'Creating our First Webpage', 520, 1, 1, NULL, NULL, 'unpaid', 1, '5', '2018-12-09 13:57:53', '2018-12-09 13:57:53'),
(4173, 'Creating our First Webpage', 520, 1, 1, NULL, NULL, 'unpaid', 1, '5', '2018-12-09 13:57:53', '2018-12-09 13:57:53'),
(4174, 'Creating our First Webpage', 520, 1, 1, NULL, NULL, 'unpaid', 1, '5', '2018-12-09 13:57:53', '2018-12-09 13:57:53'),
(4175, 'Creating our First Webpage', 520, 1, 1, NULL, NULL, 'unpaid', 1, '5', '2018-12-09 13:57:53', '2018-12-09 13:57:53'),
(4176, 'Creating our First Webpage', 520, 1, 1, NULL, NULL, 'unpaid', 1, '5', '2018-12-09 13:57:53', '2018-12-09 13:57:53'),
(4177, 'Creating our First Webpage', 520, 1, 1, NULL, NULL, 'unpaid', 1, '5', '2018-12-09 13:57:53', '2018-12-09 13:57:53'),
(4178, 'Creating our First Webpage', 520, 1, 1, NULL, NULL, 'unpaid', 1, '5', '2018-12-09 13:57:53', '2018-12-09 13:57:53'),
(4179, 'Creating our First Webpage', 520, 1, 1, NULL, NULL, 'unpaid', 1, '5', '2018-12-09 13:57:53', '2018-12-09 13:57:53'),
(4180, 'Creating our First Webpage', 520, 1, 1, NULL, NULL, 'unpaid', 1, '5', '2018-12-09 13:57:53', '2018-12-09 13:57:53'),
(4181, 'Creating our First Webpage', 520, 1, 1, NULL, NULL, 'unpaid', 1, '5', '2018-12-09 13:57:53', '2018-12-09 13:57:53'),
(4182, 'Creating our First Webpage', 520, 1, 1, NULL, NULL, 'unpaid', 1, '5', '2018-12-09 13:57:53', '2018-12-09 13:57:53'),
(4183, 'Creating our First Webpage', 520, 1, 1, NULL, NULL, 'unpaid', 1, '5', '2018-12-09 13:57:53', '2018-12-09 13:57:53'),
(4184, 'Creating our First Webpage', 520, 1, 1, NULL, NULL, 'unpaid', 1, '5', '2018-12-09 13:57:53', '2018-12-09 13:57:53'),
(4185, 'Creating our First Webpage', 520, 1, 1, NULL, NULL, 'unpaid', 1, '5', '2018-12-09 13:57:53', '2018-12-09 13:57:53'),
(4186, 'Creating our First Webpage', 520, 1, 1, NULL, NULL, 'unpaid', 1, '5', '2018-12-09 13:57:53', '2018-12-09 13:57:53'),
(4187, 'Creating our First Webpage', 520, 1, 1, NULL, NULL, 'unpaid', 1, '5', '2018-12-09 13:57:53', '2018-12-09 13:57:53'),
(4188, 'Creating our First Webpage', 520, 1, 1, NULL, NULL, 'unpaid', 1, '5', '2018-12-09 13:57:53', '2018-12-09 13:57:53'),
(4189, 'Creating our First Webpage', 520, 1, 1, NULL, NULL, 'unpaid', 1, '5', '2018-12-09 13:57:53', '2018-12-09 13:57:53'),
(4190, 'Creating our First Webpage', 520, 1, 1, NULL, NULL, 'unpaid', 1, '5', '2018-12-09 13:57:53', '2018-12-09 13:57:53'),
(4191, 'Creating our First Webpage', 520, 1, 1, NULL, NULL, 'unpaid', 1, '5', '2018-12-09 13:57:53', '2018-12-09 13:57:53'),
(4192, 'Creating our First Webpage', 520, 1, 1, NULL, NULL, 'unpaid', 1, '5', '2018-12-09 13:57:53', '2018-12-09 13:57:53'),
(4193, 'Creating our First Webpage', 520, 1, 1, NULL, NULL, 'unpaid', 1, '5', '2018-12-09 13:57:53', '2018-12-09 13:57:53'),
(4194, 'Creating our First Webpage', 520, 1, 1, NULL, NULL, 'unpaid', 1, '5', '2018-12-09 13:57:53', '2018-12-09 13:57:53'),
(4195, 'Creating our First Webpage', 520, 1, 1, NULL, NULL, 'unpaid', 1, '5', '2018-12-09 13:57:53', '2018-12-09 13:57:53'),
(4196, 'Creating our First Webpage', 520, 1, 1, NULL, NULL, 'unpaid', 1, '5', '2018-12-09 13:57:53', '2018-12-09 13:57:53'),
(4197, 'Creating our First Webpage', 520, 1, 1, NULL, NULL, 'unpaid', 1, '5', '2018-12-09 13:57:53', '2018-12-09 13:57:53'),
(4198, 'Creating our First Webpage', 520, 1, 1, NULL, NULL, 'unpaid', 1, '5', '2018-12-09 13:57:53', '2018-12-09 13:57:53'),
(4199, 'Creating our First Webpage', 520, 1, 1, NULL, NULL, 'unpaid', 1, '5', '2018-12-09 13:57:53', '2018-12-09 13:57:53'),
(4200, 'Creating our First Webpage', 520, 1, 1, NULL, NULL, 'unpaid', 1, '5', '2018-12-09 13:57:53', '2018-12-09 13:57:53'),
(4201, 'Creating our First Webpage', 520, 1, 1, NULL, NULL, 'unpaid', 1, '5', '2018-12-09 13:57:53', '2018-12-09 13:57:53'),
(4202, 'Creating our First Webpage', 520, 1, 1, NULL, NULL, 'unpaid', 1, '5', '2018-12-09 13:57:53', '2018-12-09 13:57:53'),
(4203, 'Creating our First Webpage', 520, 1, 1, NULL, NULL, 'unpaid', 1, '5', '2018-12-09 13:57:53', '2018-12-09 13:57:53'),
(4204, 'Creating our First Webpage', 520, 1, 1, NULL, NULL, 'unpaid', 1, '5', '2018-12-09 13:57:53', '2018-12-09 13:57:53'),
(4205, 'Creating our First Webpage', 520, 1, 1, NULL, NULL, 'unpaid', 1, '5', '2018-12-09 13:57:53', '2018-12-09 13:57:53'),
(4206, 'Creating our First Webpage', 520, 1, 1, NULL, NULL, 'unpaid', 1, '5', '2018-12-09 13:57:53', '2018-12-09 13:57:53'),
(4207, 'Creating our First Webpage', 520, 1, 1, NULL, NULL, 'unpaid', 1, '5', '2018-12-09 13:57:53', '2018-12-09 13:57:53'),
(4208, 'Creating our First Webpage', 520, 1, 1, NULL, NULL, 'unpaid', 1, '5', '2018-12-09 13:57:53', '2018-12-09 13:57:53');
INSERT INTO `invoices` (`id`, `title`, `total_amount`, `class_id`, `student_id`, `payment_method`, `paid_amount`, `status`, `school_id`, `session`, `created_at`, `updated_at`) VALUES
(4209, 'Creating our First Webpage', 520, 1, 1, NULL, NULL, 'unpaid', 1, '5', '2018-12-09 13:57:53', '2018-12-09 13:57:53'),
(4210, 'Creating our First Webpage', 520, 1, 1, NULL, NULL, 'unpaid', 1, '5', '2018-12-09 13:57:53', '2018-12-09 13:57:53'),
(4211, 'Creating our First Webpage', 520, 1, 1, NULL, NULL, 'unpaid', 1, '5', '2018-12-09 13:57:53', '2018-12-09 13:57:53'),
(4212, 'Creating our First Webpage', 520, 1, 1, NULL, NULL, 'unpaid', 1, '5', '2018-12-09 13:57:53', '2018-12-09 13:57:53'),
(4213, 'Creating our First Webpage', 520, 1, 1, NULL, NULL, 'unpaid', 1, '5', '2018-12-09 13:57:53', '2018-12-09 13:57:53'),
(4214, 'Creating our First Webpage', 520, 1, 1, NULL, NULL, 'unpaid', 1, '5', '2018-12-09 13:57:53', '2018-12-09 13:57:53'),
(4215, 'Creating our First Webpage', 520, 1, 1, NULL, NULL, 'unpaid', 1, '5', '2018-12-09 13:57:53', '2018-12-09 13:57:53'),
(4216, 'Creating our First Webpage', 520, 1, 1, NULL, NULL, 'unpaid', 1, '5', '2018-12-09 13:57:53', '2018-12-09 13:57:53'),
(4217, 'Creating our First Webpage', 520, 1, 1, NULL, NULL, 'unpaid', 1, '5', '2018-12-09 13:57:53', '2018-12-09 13:57:53'),
(4218, 'Creating our First Webpage', 520, 1, 1, NULL, NULL, 'unpaid', 1, '5', '2018-12-09 13:57:53', '2018-12-09 13:57:53'),
(4219, 'Creating our First Webpage', 520, 1, 1, NULL, NULL, 'unpaid', 1, '5', '2018-12-09 13:57:53', '2018-12-09 13:57:53'),
(4220, 'Creating our First Webpage', 520, 1, 1, NULL, NULL, 'unpaid', 1, '5', '2018-12-09 13:57:53', '2018-12-09 13:57:53'),
(4221, 'Creating our First Webpage', 520, 1, 1, NULL, NULL, 'unpaid', 1, '5', '2018-12-09 13:57:53', '2018-12-09 13:57:53'),
(4222, 'Creating our First Webpage', 520, 1, 1, NULL, NULL, 'unpaid', 1, '5', '2018-12-09 13:57:53', '2018-12-09 13:57:53'),
(4223, 'Creating our First Webpage', 520, 1, 1, NULL, NULL, 'unpaid', 1, '5', '2018-12-09 13:57:53', '2018-12-09 13:57:53'),
(4224, 'Creating our First Webpage', 520, 1, 1, NULL, NULL, 'unpaid', 1, '5', '2018-12-09 13:57:53', '2018-12-09 13:57:53'),
(4225, 'Creating our First Webpage', 520, 1, 1, NULL, NULL, 'unpaid', 1, '5', '2018-12-09 13:57:53', '2018-12-09 13:57:53'),
(4226, 'Creating our First Webpage', 520, 1, 1, NULL, NULL, 'unpaid', 1, '5', '2018-12-09 13:57:53', '2018-12-09 13:57:53'),
(4227, 'Creating our First Webpage', 520, 1, 1, NULL, NULL, 'unpaid', 1, '5', '2018-12-09 13:57:53', '2018-12-09 13:57:53'),
(4228, 'Creating our First Webpage', 520, 1, 1, NULL, NULL, 'unpaid', 1, '5', '2018-12-09 13:57:53', '2018-12-09 13:57:53'),
(4229, 'Creating our First Webpage', 520, 1, 1, NULL, NULL, 'unpaid', 1, '5', '2018-12-09 13:57:53', '2018-12-09 13:57:53'),
(4230, 'Creating our First Webpage', 520, 1, 1, NULL, NULL, 'unpaid', 1, '5', '2018-12-09 13:57:53', '2018-12-09 13:57:53'),
(4231, 'Creating our First Webpage', 520, 1, 1, NULL, NULL, 'unpaid', 1, '5', '2018-12-09 13:57:53', '2018-12-09 13:57:53'),
(4232, 'Creating our First Webpage', 520, 1, 1, NULL, NULL, 'unpaid', 1, '5', '2018-12-09 13:57:53', '2018-12-09 13:57:53'),
(4233, 'Creating our First Webpage', 520, 1, 1, NULL, NULL, 'unpaid', 1, '5', '2018-12-09 13:57:53', '2018-12-09 13:57:53'),
(4234, 'Creating our First Webpage', 520, 1, 1, NULL, NULL, 'unpaid', 1, '5', '2018-12-09 13:57:53', '2018-12-09 13:57:53'),
(4235, 'Creating our First Webpage', 520, 1, 1, NULL, NULL, 'unpaid', 1, '5', '2018-12-09 13:57:53', '2018-12-09 13:57:53'),
(4236, 'Creating our First Webpage', 520, 1, 1, NULL, NULL, 'unpaid', 1, '5', '2018-12-09 13:57:53', '2018-12-09 13:57:53'),
(4237, 'Creating our First Webpage', 520, 1, 1, NULL, NULL, 'unpaid', 1, '5', '2018-12-09 13:57:53', '2018-12-09 13:57:53'),
(4238, 'Creating our First Webpage', 520, 1, 1, NULL, NULL, 'unpaid', 1, '5', '2018-12-09 13:57:53', '2018-12-09 13:57:53'),
(4239, 'Creating our First Webpage', 520, 1, 1, NULL, NULL, 'unpaid', 1, '5', '2018-12-09 13:57:53', '2018-12-09 13:57:53'),
(4240, 'Creating our First Webpage', 520, 1, 1, NULL, NULL, 'unpaid', 1, '5', '2018-12-09 13:57:53', '2018-12-09 13:57:53'),
(4241, 'Creating our First Webpage', 520, 1, 1, NULL, NULL, 'unpaid', 1, '5', '2018-12-09 13:57:53', '2018-12-09 13:57:53'),
(4242, 'Creating our First Webpage', 520, 1, 1, NULL, NULL, 'unpaid', 1, '5', '2018-12-09 13:57:53', '2018-12-09 13:57:53'),
(4243, 'Creating our First Webpage', 520, 1, 1, NULL, NULL, 'unpaid', 1, '5', '2018-12-09 13:57:53', '2018-12-09 13:57:53'),
(4244, 'Creating our First Webpage', 520, 1, 1, NULL, NULL, 'unpaid', 1, '5', '2018-12-09 13:57:53', '2018-12-09 13:57:53'),
(4245, 'Creating our First Webpage', 520, 1, 1, NULL, NULL, 'unpaid', 1, '5', '2018-12-09 13:57:53', '2018-12-09 13:57:53'),
(4246, 'Creating our First Webpage', 520, 1, 1, NULL, NULL, 'unpaid', 1, '5', '2018-12-09 13:57:53', '2018-12-09 13:57:53'),
(4247, 'Creating our First Webpage', 520, 1, 1, NULL, NULL, 'unpaid', 1, '5', '2018-12-09 13:57:53', '2018-12-09 13:57:53'),
(4248, 'Creating our First Webpage', 520, 1, 1, NULL, NULL, 'unpaid', 1, '5', '2018-12-09 13:57:53', '2018-12-09 13:57:53'),
(4249, 'Creating our First Webpage', 520, 1, 1, NULL, NULL, 'unpaid', 1, '5', '2018-12-09 13:57:53', '2018-12-09 13:57:53'),
(4250, 'Creating our First Webpage', 520, 1, 1, NULL, NULL, 'unpaid', 1, '5', '2018-12-09 13:57:53', '2018-12-09 13:57:53'),
(4251, 'Creating our First Webpage', 520, 1, 1, NULL, NULL, 'unpaid', 1, '5', '2018-12-09 13:57:53', '2018-12-09 13:57:53'),
(4252, 'Creating our First Webpage', 520, 1, 1, NULL, NULL, 'unpaid', 1, '5', '2018-12-09 13:57:53', '2018-12-09 13:57:53'),
(4253, 'Creating our First Webpage', 520, 1, 1, NULL, NULL, 'unpaid', 1, '5', '2018-12-09 13:57:53', '2018-12-09 13:57:53'),
(4254, 'Creating our First Webpage', 520, 1, 1, NULL, NULL, 'unpaid', 1, '5', '2018-12-09 13:57:53', '2018-12-09 13:57:53'),
(4255, 'Creating our First Webpage', 520, 1, 1, NULL, NULL, 'unpaid', 1, '5', '2018-12-09 13:57:53', '2018-12-09 13:57:53'),
(4256, 'Creating our First Webpage', 520, 1, 1, NULL, NULL, 'unpaid', 1, '5', '2018-12-09 13:57:53', '2018-12-09 13:57:53'),
(4257, 'Creating our First Webpage', 520, 1, 1, NULL, NULL, 'unpaid', 1, '5', '2018-12-09 13:57:53', '2018-12-09 13:57:53'),
(4258, 'Creating our First Webpage', 520, 1, 1, NULL, NULL, 'unpaid', 1, '5', '2018-12-09 13:57:53', '2018-12-09 13:57:53'),
(4259, 'Creating our First Webpage', 520, 1, 1, NULL, NULL, 'unpaid', 1, '5', '2018-12-09 13:57:53', '2018-12-09 13:57:53'),
(4260, 'Creating our First Webpage', 520, 1, 1, NULL, NULL, 'unpaid', 1, '5', '2018-12-09 13:57:53', '2018-12-09 13:57:53'),
(4261, 'Creating our First Webpage', 520, 1, 1, NULL, NULL, 'unpaid', 1, '5', '2018-12-09 13:57:53', '2018-12-09 13:57:53'),
(4262, 'Creating our First Webpage', 520, 1, 1, NULL, NULL, 'unpaid', 1, '5', '2018-12-09 13:57:53', '2018-12-09 13:57:53'),
(4263, 'Creating our First Webpage', 520, 1, 1, NULL, NULL, 'unpaid', 1, '5', '2018-12-09 13:57:53', '2018-12-09 13:57:53'),
(4264, 'Creating our First Webpage', 520, 1, 1, NULL, NULL, 'unpaid', 1, '5', '2018-12-09 13:57:53', '2018-12-09 13:57:53'),
(4265, 'Creating our First Webpage', 520, 1, 1, NULL, NULL, 'unpaid', 1, '5', '2018-12-09 13:57:53', '2018-12-09 13:57:53'),
(4266, 'Creating our First Webpage', 520, 1, 1, NULL, NULL, 'unpaid', 1, '5', '2018-12-09 13:57:53', '2018-12-09 13:57:53'),
(4267, 'Creating our First Webpage', 520, 1, 1, NULL, NULL, 'unpaid', 1, '5', '2018-12-09 13:57:53', '2018-12-09 13:57:53'),
(4268, 'Creating our First Webpage', 520, 1, 1, NULL, NULL, 'unpaid', 1, '5', '2018-12-09 13:57:53', '2018-12-09 13:57:53'),
(4269, 'Creating our First Webpage', 520, 1, 1, NULL, NULL, 'unpaid', 1, '5', '2018-12-09 13:57:53', '2018-12-09 13:57:53'),
(4270, 'Creating our First Webpage', 520, 1, 1, NULL, NULL, 'unpaid', 1, '5', '2018-12-09 13:57:53', '2018-12-09 13:57:53'),
(4271, 'Creating our First Webpage', 520, 1, 1, NULL, NULL, 'unpaid', 1, '5', '2018-12-09 13:57:53', '2018-12-09 13:57:53'),
(4272, 'Creating our First Webpage', 520, 1, 1, NULL, NULL, 'unpaid', 1, '5', '2018-12-09 13:57:53', '2018-12-09 13:57:53'),
(4273, 'Creating our First Webpage', 520, 1, 1, NULL, NULL, 'unpaid', 1, '5', '2018-12-09 13:57:53', '2018-12-09 13:57:53'),
(4274, 'Creating our First Webpage', 520, 1, 1, NULL, NULL, 'unpaid', 1, '5', '2018-12-09 13:57:53', '2018-12-09 13:57:53'),
(4275, 'Creating our First Webpage', 520, 1, 1, NULL, NULL, 'unpaid', 1, '5', '2018-12-09 13:57:53', '2018-12-09 13:57:53'),
(4276, 'Creating our First Webpage', 520, 1, 1, NULL, NULL, 'unpaid', 1, '5', '2018-12-09 13:57:53', '2018-12-09 13:57:53'),
(4277, 'Creating our First Webpage', 520, 1, 1, NULL, NULL, 'unpaid', 1, '5', '2018-12-09 13:57:53', '2018-12-09 13:57:53'),
(4278, 'Creating our First Webpage', 520, 1, 1, NULL, NULL, 'unpaid', 1, '5', '2018-12-09 13:57:53', '2018-12-09 13:57:53'),
(4279, 'Creating our First Webpage', 520, 1, 1, NULL, NULL, 'unpaid', 1, '5', '2018-12-09 13:57:53', '2018-12-09 13:57:53'),
(4280, 'Creating our First Webpage', 520, 1, 1, NULL, NULL, 'unpaid', 1, '5', '2018-12-09 13:57:53', '2018-12-09 13:57:53'),
(4281, 'Creating our First Webpage', 520, 1, 1, NULL, NULL, 'unpaid', 1, '5', '2018-12-09 13:57:53', '2018-12-09 13:57:53'),
(4282, 'Creating our First Webpage', 520, 1, 1, NULL, NULL, 'unpaid', 1, '5', '2018-12-09 13:57:53', '2018-12-09 13:57:53'),
(4283, 'Creating our First Webpage', 520, 1, 1, NULL, NULL, 'unpaid', 1, '5', '2018-12-09 13:57:53', '2018-12-09 13:57:53'),
(4284, 'Creating our First Webpage', 520, 1, 1, NULL, NULL, 'unpaid', 1, '5', '2018-12-09 13:57:53', '2018-12-09 13:57:53'),
(4285, 'Creating our First Webpage', 520, 1, 1, NULL, NULL, 'unpaid', 1, '5', '2018-12-09 13:57:53', '2018-12-09 13:57:53'),
(4286, 'Creating our First Webpage', 520, 1, 1, NULL, NULL, 'unpaid', 1, '5', '2018-12-09 13:57:53', '2018-12-09 13:57:53'),
(4287, 'Creating our First Webpage', 520, 1, 1, NULL, NULL, 'unpaid', 1, '5', '2018-12-09 13:57:53', '2018-12-09 13:57:53'),
(4288, 'Creating our First Webpage', 520, 1, 1, NULL, NULL, 'unpaid', 1, '5', '2018-12-09 13:57:53', '2018-12-09 13:57:53'),
(4289, 'Creating our First Webpage', 520, 1, 1, NULL, NULL, 'unpaid', 1, '5', '2018-12-09 13:57:53', '2018-12-09 13:57:53'),
(4290, 'Creating our First Webpage', 520, 1, 1, NULL, NULL, 'unpaid', 1, '5', '2018-12-09 13:57:53', '2018-12-09 13:57:53'),
(4291, 'Creating our First Webpage', 520, 1, 1, NULL, NULL, 'unpaid', 1, '5', '2018-12-09 13:57:53', '2018-12-09 13:57:53'),
(4292, 'Creating our First Webpage', 520, 1, 1, NULL, NULL, 'unpaid', 1, '5', '2018-12-09 13:57:53', '2018-12-09 13:57:53'),
(4293, 'Creating our First Webpage', 520, 1, 1, NULL, NULL, 'unpaid', 1, '5', '2018-12-09 13:57:53', '2018-12-09 13:57:53'),
(4294, 'Creating our First Webpage', 520, 1, 1, NULL, NULL, 'unpaid', 1, '5', '2018-12-09 13:57:53', '2018-12-09 13:57:53'),
(4295, 'Creating our First Webpage', 520, 1, 1, NULL, NULL, 'unpaid', 1, '5', '2018-12-09 13:57:53', '2018-12-09 13:57:53'),
(4296, 'Creating our First Webpage', 520, 1, 1, NULL, NULL, 'unpaid', 1, '5', '2018-12-09 13:57:53', '2018-12-09 13:57:53'),
(4297, 'Creating our First Webpage', 520, 1, 1, NULL, NULL, 'unpaid', 1, '5', '2018-12-09 13:57:53', '2018-12-09 13:57:53'),
(4298, 'Creating our First Webpage', 520, 1, 1, NULL, NULL, 'unpaid', 1, '5', '2018-12-09 13:57:53', '2018-12-09 13:57:53'),
(4299, 'Creating our First Webpage', 520, 1, 1, NULL, NULL, 'unpaid', 1, '5', '2018-12-09 13:57:53', '2018-12-09 13:57:53'),
(4300, 'Creating our First Webpage', 520, 1, 1, NULL, NULL, 'unpaid', 1, '5', '2018-12-09 13:57:53', '2018-12-09 13:57:53'),
(4301, 'Creating our First Webpage', 520, 1, 1, NULL, NULL, 'unpaid', 1, '5', '2018-12-09 13:57:53', '2018-12-09 13:57:53'),
(4302, 'Creating our First Webpage', 520, 1, 1, NULL, NULL, 'unpaid', 1, '5', '2018-12-09 13:57:53', '2018-12-09 13:57:53'),
(4303, 'Creating our First Webpage', 520, 1, 1, NULL, NULL, 'unpaid', 1, '5', '2018-12-09 13:57:53', '2018-12-09 13:57:53'),
(4304, 'Creating our First Webpage', 520, 1, 1, NULL, NULL, 'unpaid', 1, '5', '2018-12-09 13:57:53', '2018-12-09 13:57:53'),
(4305, 'Creating our First Webpage', 520, 1, 1, NULL, NULL, 'unpaid', 1, '5', '2018-12-09 13:57:53', '2018-12-09 13:57:53'),
(4306, 'Creating our First Webpage', 520, 1, 1, NULL, NULL, 'unpaid', 1, '5', '2018-12-09 13:57:53', '2018-12-09 13:57:53'),
(4307, 'Creating our First Webpage', 520, 1, 1, NULL, NULL, 'unpaid', 1, '5', '2018-12-09 13:57:53', '2018-12-09 13:57:53'),
(4308, 'Creating our First Webpage', 520, 1, 1, NULL, NULL, 'unpaid', 1, '5', '2018-12-09 13:57:53', '2018-12-09 13:57:53'),
(4309, 'Creating our First Webpage', 520, 1, 1, NULL, NULL, 'unpaid', 1, '5', '2018-12-09 13:57:53', '2018-12-09 13:57:53'),
(4310, 'Creating our First Webpage', 520, 1, 1, NULL, NULL, 'unpaid', 1, '5', '2018-12-09 13:57:53', '2018-12-09 13:57:53'),
(4311, 'Creating our First Webpage', 520, 1, 1, NULL, NULL, 'unpaid', 1, '5', '2018-12-09 13:57:53', '2018-12-09 13:57:53'),
(4312, 'Creating our First Webpage', 520, 1, 1, NULL, NULL, 'unpaid', 1, '5', '2018-12-09 13:57:53', '2018-12-09 13:57:53'),
(4313, 'Creating our First Webpage', 520, 1, 1, NULL, NULL, 'unpaid', 1, '5', '2018-12-09 13:57:53', '2018-12-09 13:57:53'),
(4314, 'Creating our First Webpage', 520, 1, 1, NULL, NULL, 'unpaid', 1, '5', '2018-12-09 13:57:53', '2018-12-09 13:57:53'),
(4315, 'Creating our First Webpage', 520, 1, 1, NULL, NULL, 'unpaid', 1, '5', '2018-12-09 13:57:53', '2018-12-09 13:57:53'),
(4316, 'Creating our First Webpage', 520, 1, 1, NULL, NULL, 'unpaid', 1, '5', '2018-12-09 13:57:53', '2018-12-09 13:57:53'),
(4317, 'Creating our First Webpage', 520, 1, 1, NULL, NULL, 'unpaid', 1, '5', '2018-12-09 13:57:53', '2018-12-09 13:57:53'),
(4318, 'Creating our First Webpage', 520, 1, 1, NULL, NULL, 'unpaid', 1, '5', '2018-12-09 13:57:53', '2018-12-09 13:57:53'),
(4319, 'Creating our First Webpage', 520, 1, 1, NULL, NULL, 'unpaid', 1, '5', '2018-12-09 13:57:53', '2018-12-09 13:57:53'),
(4320, 'Creating our First Webpage', 520, 1, 1, NULL, NULL, 'unpaid', 1, '5', '2018-12-09 13:57:53', '2018-12-09 13:57:53'),
(4321, 'Creating our First Webpage', 520, 1, 1, NULL, NULL, 'unpaid', 1, '5', '2018-12-09 13:57:53', '2018-12-09 13:57:53'),
(4322, 'Creating our First Webpage', 520, 1, 1, NULL, NULL, 'unpaid', 1, '5', '2018-12-09 13:57:53', '2018-12-09 13:57:53'),
(4323, 'Creating our First Webpage', 520, 1, 1, NULL, NULL, 'unpaid', 1, '5', '2018-12-09 13:57:53', '2018-12-09 13:57:53'),
(4324, 'Creating our First Webpage', 520, 1, 1, NULL, NULL, 'unpaid', 1, '5', '2018-12-09 13:57:53', '2018-12-09 13:57:53'),
(4325, 'Creating our First Webpage', 520, 1, 1, NULL, NULL, 'unpaid', 1, '5', '2018-12-09 13:57:53', '2018-12-09 13:57:53'),
(4326, 'Creating our First Webpage', 520, 1, 1, NULL, NULL, 'unpaid', 1, '5', '2018-12-09 13:57:53', '2018-12-09 13:57:53'),
(4327, 'Creating our First Webpage', 520, 1, 1, NULL, NULL, 'unpaid', 1, '5', '2018-12-09 13:57:53', '2018-12-09 13:57:53'),
(4328, 'Creating our First Webpage', 520, 1, 1, NULL, NULL, 'unpaid', 1, '5', '2018-12-09 13:57:53', '2018-12-09 13:57:53'),
(4329, 'Creating our First Webpage', 520, 1, 1, NULL, NULL, 'unpaid', 1, '5', '2018-12-09 13:57:53', '2018-12-09 13:57:53'),
(4330, 'Creating our First Webpage', 520, 1, 1, NULL, NULL, 'unpaid', 1, '5', '2018-12-09 13:57:53', '2018-12-09 13:57:53'),
(4331, 'Creating our First Webpage', 520, 1, 1, NULL, NULL, 'unpaid', 1, '5', '2018-12-09 13:57:53', '2018-12-09 13:57:53'),
(4332, 'Creating our First Webpage', 520, 1, 1, NULL, NULL, 'unpaid', 1, '5', '2018-12-09 13:57:53', '2018-12-09 13:57:53'),
(4333, 'Creating our First Webpage', 520, 1, 1, NULL, NULL, 'unpaid', 1, '5', '2018-12-09 13:57:53', '2018-12-09 13:57:53'),
(4334, 'Creating our First Webpage', 520, 1, 1, NULL, NULL, 'unpaid', 1, '5', '2018-12-09 13:57:53', '2018-12-09 13:57:53'),
(4335, 'Creating our First Webpage', 520, 1, 1, NULL, NULL, 'unpaid', 1, '5', '2018-12-09 13:57:53', '2018-12-09 13:57:53'),
(4336, 'Creating our First Webpage', 520, 1, 1, NULL, NULL, 'unpaid', 1, '5', '2018-12-09 13:57:53', '2018-12-09 13:57:53'),
(4337, 'Creating our First Webpage', 520, 1, 1, NULL, NULL, 'unpaid', 1, '5', '2018-12-09 13:57:53', '2018-12-09 13:57:53'),
(4338, 'Creating our First Webpage', 520, 1, 1, NULL, NULL, 'unpaid', 1, '5', '2018-12-09 13:57:53', '2018-12-09 13:57:53'),
(4339, 'Creating our First Webpage', 520, 1, 1, NULL, NULL, 'unpaid', 1, '5', '2018-12-09 13:57:53', '2018-12-09 13:57:53'),
(4340, 'Creating our First Webpage', 520, 1, 1, NULL, NULL, 'unpaid', 1, '5', '2018-12-09 13:57:53', '2018-12-09 13:57:53'),
(4341, 'Creating our First Webpage', 520, 1, 1, NULL, NULL, 'unpaid', 1, '5', '2018-12-09 13:57:53', '2018-12-09 13:57:53'),
(4342, 'Creating our First Webpage', 520, 1, 1, NULL, NULL, 'unpaid', 1, '5', '2018-12-09 13:57:53', '2018-12-09 13:57:53'),
(4343, 'Creating our First Webpage', 520, 1, 1, NULL, NULL, 'unpaid', 1, '5', '2018-12-09 13:57:53', '2018-12-09 13:57:53'),
(4344, 'Creating our First Webpage', 520, 1, 1, NULL, NULL, 'unpaid', 1, '5', '2018-12-09 13:57:53', '2018-12-09 13:57:53'),
(4345, 'Creating our First Webpage', 520, 1, 1, NULL, NULL, 'unpaid', 1, '5', '2018-12-09 13:57:53', '2018-12-09 13:57:53'),
(4346, 'Creating our First Webpage', 520, 1, 1, NULL, NULL, 'unpaid', 1, '5', '2018-12-09 13:57:53', '2018-12-09 13:57:53'),
(4347, 'Creating our First Webpage', 520, 1, 1, NULL, NULL, 'unpaid', 1, '5', '2018-12-09 13:57:53', '2018-12-09 13:57:53'),
(4348, 'Creating our First Webpage', 520, 1, 1, NULL, NULL, 'unpaid', 1, '5', '2018-12-09 13:57:53', '2018-12-09 13:57:53'),
(4349, 'Creating our First Webpage', 520, 1, 1, NULL, NULL, 'unpaid', 1, '5', '2018-12-09 13:57:53', '2018-12-09 13:57:53'),
(4350, 'Creating our First Webpage', 520, 1, 1, NULL, NULL, 'unpaid', 1, '5', '2018-12-09 13:57:53', '2018-12-09 13:57:53'),
(4351, 'Creating our First Webpage', 520, 1, 1, NULL, NULL, 'unpaid', 1, '5', '2018-12-09 13:57:53', '2018-12-09 13:57:53'),
(4352, 'Creating our First Webpage', 520, 1, 1, NULL, NULL, 'unpaid', 1, '5', '2018-12-09 13:57:53', '2018-12-09 13:57:53'),
(4353, 'Creating our First Webpage', 520, 1, 1, NULL, NULL, 'unpaid', 1, '5', '2018-12-09 13:57:53', '2018-12-09 13:57:53'),
(4354, 'Creating our First Webpage', 520, 1, 1, NULL, NULL, 'unpaid', 1, '5', '2018-12-09 13:57:53', '2018-12-09 13:57:53'),
(4355, 'Creating our First Webpage', 520, 1, 1, NULL, NULL, 'unpaid', 1, '5', '2018-12-09 13:57:53', '2018-12-09 13:57:53'),
(4356, 'Creating our First Webpage', 520, 1, 1, NULL, NULL, 'unpaid', 1, '5', '2018-12-09 13:57:53', '2018-12-09 13:57:53'),
(4357, 'Creating our First Webpage', 520, 1, 1, NULL, NULL, 'unpaid', 1, '5', '2018-12-09 13:57:53', '2018-12-09 13:57:53'),
(4358, 'Creating our First Webpage', 520, 1, 1, NULL, NULL, 'unpaid', 1, '5', '2018-12-09 13:57:53', '2018-12-09 13:57:53'),
(4359, 'Creating our First Webpage', 520, 1, 1, NULL, NULL, 'unpaid', 1, '5', '2018-12-09 13:57:53', '2018-12-09 13:57:53'),
(4360, 'Creating our First Webpage', 520, 1, 1, NULL, NULL, 'unpaid', 1, '5', '2018-12-09 13:57:53', '2018-12-09 13:57:53'),
(4361, 'Creating our First Webpage', 520, 1, 1, NULL, NULL, 'unpaid', 1, '5', '2018-12-09 13:57:53', '2018-12-09 13:57:53'),
(4362, 'Creating our First Webpage', 520, 1, 1, NULL, NULL, 'unpaid', 1, '5', '2018-12-09 13:57:53', '2018-12-09 13:57:53'),
(4363, 'Creating our First Webpage', 520, 1, 1, NULL, NULL, 'unpaid', 1, '5', '2018-12-09 13:57:53', '2018-12-09 13:57:53'),
(4364, 'Creating our First Webpage', 520, 1, 1, NULL, NULL, 'unpaid', 1, '5', '2018-12-09 13:57:53', '2018-12-09 13:57:53'),
(4365, 'Creating our First Webpage', 520, 1, 1, NULL, NULL, 'unpaid', 1, '5', '2018-12-09 13:57:53', '2018-12-09 13:57:53'),
(4366, 'Creating our First Webpage', 520, 1, 1, NULL, NULL, 'unpaid', 1, '5', '2018-12-09 13:57:53', '2018-12-09 13:57:53'),
(4367, 'Creating our First Webpage', 520, 1, 1, NULL, NULL, 'unpaid', 1, '5', '2018-12-09 13:57:53', '2018-12-09 13:57:53'),
(4368, 'Creating our First Webpage', 520, 1, 1, NULL, NULL, 'unpaid', 1, '5', '2018-12-09 13:57:53', '2018-12-09 13:57:53'),
(4369, 'Creating our First Webpage', 520, 1, 1, NULL, NULL, 'unpaid', 1, '5', '2018-12-09 13:57:53', '2018-12-09 13:57:53'),
(4370, 'Creating our First Webpage', 520, 1, 1, NULL, NULL, 'unpaid', 1, '5', '2018-12-09 13:57:53', '2018-12-09 13:57:53'),
(4371, 'Creating our First Webpage', 520, 1, 1, NULL, NULL, 'unpaid', 1, '5', '2018-12-09 13:57:53', '2018-12-09 13:57:53'),
(4372, 'Creating our First Webpage', 520, 1, 1, NULL, NULL, 'unpaid', 1, '5', '2018-12-09 13:57:53', '2018-12-09 13:57:53'),
(4373, 'Creating our First Webpage', 520, 1, 1, NULL, NULL, 'unpaid', 1, '5', '2018-12-09 13:57:53', '2018-12-09 13:57:53'),
(4374, 'Creating our First Webpage', 520, 1, 1, NULL, NULL, 'unpaid', 1, '5', '2018-12-09 13:57:53', '2018-12-09 13:57:53'),
(4375, 'Creating our First Webpage', 520, 1, 1, NULL, NULL, 'unpaid', 1, '5', '2018-12-09 13:57:53', '2018-12-09 13:57:53'),
(4376, 'Creating our First Webpage', 520, 1, 1, NULL, NULL, 'unpaid', 1, '5', '2018-12-09 13:57:53', '2018-12-09 13:57:53'),
(4377, 'Creating our First Webpage', 520, 1, 1, NULL, NULL, 'unpaid', 1, '5', '2018-12-09 13:57:53', '2018-12-09 13:57:53'),
(4378, 'Creating our First Webpage', 520, 1, 1, NULL, NULL, 'unpaid', 1, '5', '2018-12-09 13:57:53', '2018-12-09 13:57:53'),
(4379, 'Creating our First Webpage', 520, 1, 1, NULL, NULL, 'unpaid', 1, '5', '2018-12-09 13:57:53', '2018-12-09 13:57:53'),
(4380, 'Creating our First Webpage', 520, 1, 1, NULL, NULL, 'unpaid', 1, '5', '2018-12-09 13:57:53', '2018-12-09 13:57:53'),
(4381, 'Creating our First Webpage', 520, 1, 1, NULL, NULL, 'unpaid', 1, '5', '2018-12-09 13:57:53', '2018-12-09 13:57:53'),
(4382, 'Creating our First Webpage', 520, 1, 1, NULL, NULL, 'unpaid', 1, '5', '2018-12-09 13:57:53', '2018-12-09 13:57:53'),
(4383, 'Creating our First Webpage', 520, 1, 1, NULL, NULL, 'unpaid', 1, '5', '2018-12-09 13:57:53', '2018-12-09 13:57:53'),
(4384, 'Creating our First Webpage', 520, 1, 1, NULL, NULL, 'unpaid', 1, '5', '2018-12-09 13:57:53', '2018-12-09 13:57:53'),
(4385, 'Creating our First Webpage', 520, 1, 1, NULL, NULL, 'unpaid', 1, '5', '2018-12-09 13:57:53', '2018-12-09 13:57:53'),
(4386, 'Creating our First Webpage', 520, 1, 1, NULL, NULL, 'unpaid', 1, '5', '2018-12-09 13:57:53', '2018-12-09 13:57:53'),
(4387, 'Creating our First Webpage', 520, 1, 1, NULL, NULL, 'unpaid', 1, '5', '2018-12-09 13:57:53', '2018-12-09 13:57:53'),
(4388, 'Creating our First Webpage', 520, 1, 1, NULL, NULL, 'unpaid', 1, '5', '2018-12-09 13:57:53', '2018-12-09 13:57:53'),
(4389, 'Creating our First Webpage', 520, 1, 1, NULL, NULL, 'unpaid', 1, '5', '2018-12-09 13:57:53', '2018-12-09 13:57:53'),
(4390, 'Creating our First Webpage', 520, 1, 1, NULL, NULL, 'unpaid', 1, '5', '2018-12-09 13:57:53', '2018-12-09 13:57:53'),
(4391, 'Creating our First Webpage', 520, 1, 1, NULL, NULL, 'unpaid', 1, '5', '2018-12-09 13:57:53', '2018-12-09 13:57:53'),
(4392, 'Creating our First Webpage', 520, 1, 1, NULL, NULL, 'unpaid', 1, '5', '2018-12-09 13:57:53', '2018-12-09 13:57:53'),
(4393, 'Creating our First Webpage', 520, 1, 1, NULL, NULL, 'unpaid', 1, '5', '2018-12-09 13:57:53', '2018-12-09 13:57:53'),
(4394, 'Creating our First Webpage', 520, 1, 1, NULL, NULL, 'unpaid', 1, '5', '2018-12-09 13:57:53', '2018-12-09 13:57:53'),
(4395, 'Creating our First Webpage', 520, 1, 1, NULL, NULL, 'unpaid', 1, '5', '2018-12-09 13:57:53', '2018-12-09 13:57:53'),
(4396, 'Creating our First Webpage', 520, 1, 1, NULL, NULL, 'unpaid', 1, '5', '2018-12-09 13:57:53', '2018-12-09 13:57:53'),
(4397, 'Creating our First Webpage', 520, 1, 1, NULL, NULL, 'unpaid', 1, '5', '2018-12-09 13:57:53', '2018-12-09 13:57:53'),
(4398, 'Creating our First Webpage', 520, 1, 1, NULL, NULL, 'unpaid', 1, '5', '2018-12-09 13:57:53', '2018-12-09 13:57:53'),
(4399, 'Creating our First Webpage', 520, 1, 1, NULL, NULL, 'unpaid', 1, '5', '2018-12-09 13:57:53', '2018-12-09 13:57:53'),
(4400, 'Creating our First Webpage', 520, 1, 1, NULL, NULL, 'unpaid', 1, '5', '2018-12-09 13:57:53', '2018-12-09 13:57:53'),
(4401, 'Creating our First Webpage', 520, 1, 1, NULL, NULL, 'unpaid', 1, '5', '2018-12-09 13:57:53', '2018-12-09 13:57:53'),
(4402, 'Creating our First Webpage', 520, 1, 1, NULL, NULL, 'unpaid', 1, '5', '2018-12-09 13:57:53', '2018-12-09 13:57:53'),
(4403, 'Creating our First Webpage', 520, 1, 1, NULL, NULL, 'unpaid', 1, '5', '2018-12-09 13:57:53', '2018-12-09 13:57:53'),
(4404, 'Creating our First Webpage', 520, 1, 1, NULL, NULL, 'unpaid', 1, '5', '2018-12-09 13:57:53', '2018-12-09 13:57:53'),
(4405, 'Creating our First Webpage', 520, 1, 1, NULL, NULL, 'unpaid', 1, '5', '2018-12-09 13:57:53', '2018-12-09 13:57:53'),
(4406, 'Creating our First Webpage', 520, 1, 1, NULL, NULL, 'unpaid', 1, '5', '2018-12-09 13:57:53', '2018-12-09 13:57:53'),
(4407, 'Creating our First Webpage', 520, 1, 1, NULL, NULL, 'unpaid', 1, '5', '2018-12-09 13:57:53', '2018-12-09 13:57:53'),
(4408, 'Creating our First Webpage', 520, 1, 1, NULL, NULL, 'unpaid', 1, '5', '2018-12-09 13:57:53', '2018-12-09 13:57:53'),
(4409, 'Creating our First Webpage', 520, 1, 1, NULL, NULL, 'unpaid', 1, '5', '2018-12-09 13:57:53', '2018-12-09 13:57:53'),
(4410, 'Creating our First Webpage', 520, 1, 1, NULL, NULL, 'unpaid', 1, '5', '2018-12-09 13:57:53', '2018-12-09 13:57:53'),
(4411, 'Creating our First Webpage', 520, 1, 1, NULL, NULL, 'unpaid', 1, '5', '2018-12-09 13:57:53', '2018-12-09 13:57:53'),
(4412, 'Creating our First Webpage', 520, 1, 1, NULL, NULL, 'unpaid', 1, '5', '2018-12-09 13:57:53', '2018-12-09 13:57:53'),
(4413, 'Creating our First Webpage', 520, 1, 1, NULL, NULL, 'unpaid', 1, '5', '2018-12-09 13:57:53', '2018-12-09 13:57:53'),
(4414, 'Creating our First Webpage', 520, 1, 1, NULL, NULL, 'unpaid', 1, '5', '2018-12-09 13:57:53', '2018-12-09 13:57:53'),
(4415, 'Creating our First Webpage', 520, 1, 1, NULL, NULL, 'unpaid', 1, '5', '2018-12-09 13:57:53', '2018-12-09 13:57:53'),
(4416, 'Creating our First Webpage', 520, 1, 1, NULL, NULL, 'unpaid', 1, '5', '2018-12-09 13:57:53', '2018-12-09 13:57:53'),
(4417, 'Creating our First Webpage', 520, 1, 1, NULL, NULL, 'unpaid', 1, '5', '2018-12-09 13:57:53', '2018-12-09 13:57:53'),
(4418, 'Creating our First Webpage', 520, 1, 1, NULL, NULL, 'unpaid', 1, '5', '2018-12-09 13:57:53', '2018-12-09 13:57:53'),
(4419, 'Creating our First Webpage', 520, 1, 1, NULL, NULL, 'unpaid', 1, '5', '2018-12-09 13:57:53', '2018-12-09 13:57:53'),
(4420, 'Creating our First Webpage', 520, 1, 1, NULL, NULL, 'unpaid', 1, '5', '2018-12-09 13:57:53', '2018-12-09 13:57:53'),
(4421, 'Creating our First Webpage', 520, 1, 1, NULL, NULL, 'unpaid', 1, '5', '2018-12-09 13:57:53', '2018-12-09 13:57:53'),
(4422, 'Creating our First Webpage', 520, 1, 1, NULL, NULL, 'unpaid', 1, '5', '2018-12-09 13:57:53', '2018-12-09 13:57:53'),
(4423, 'Creating our First Webpage', 520, 1, 1, NULL, NULL, 'unpaid', 1, '5', '2018-12-09 13:57:53', '2018-12-09 13:57:53'),
(4424, 'Creating our First Webpage', 520, 1, 1, NULL, NULL, 'unpaid', 1, '5', '2018-12-09 13:57:53', '2018-12-09 13:57:53'),
(4425, 'Creating our First Webpage', 520, 1, 1, NULL, NULL, 'unpaid', 1, '5', '2018-12-09 13:57:53', '2018-12-09 13:57:53'),
(4426, 'Creating our First Webpage', 520, 1, 1, NULL, NULL, 'unpaid', 1, '5', '2018-12-09 13:57:53', '2018-12-09 13:57:53'),
(4427, 'Creating our First Webpage', 520, 1, 1, NULL, NULL, 'unpaid', 1, '5', '2018-12-09 13:57:53', '2018-12-09 13:57:53'),
(4428, 'Creating our First Webpage', 520, 1, 1, NULL, NULL, 'unpaid', 1, '5', '2018-12-09 13:57:53', '2018-12-09 13:57:53'),
(4429, 'Creating our First Webpage', 520, 1, 1, NULL, NULL, 'unpaid', 1, '5', '2018-12-09 13:57:53', '2018-12-09 13:57:53'),
(4430, 'Creating our First Webpage', 520, 1, 1, NULL, NULL, 'unpaid', 1, '5', '2018-12-09 13:57:53', '2018-12-09 13:57:53'),
(4431, 'Creating our First Webpage', 520, 1, 1, NULL, NULL, 'unpaid', 1, '5', '2018-12-09 13:57:53', '2018-12-09 13:57:53'),
(4432, 'Creating our First Webpage', 520, 1, 1, NULL, NULL, 'unpaid', 1, '5', '2018-12-09 13:57:53', '2018-12-09 13:57:53'),
(4433, 'Creating our First Webpage', 520, 1, 1, NULL, NULL, 'unpaid', 1, '5', '2018-12-09 13:57:53', '2018-12-09 13:57:53'),
(4434, 'Creating our First Webpage', 520, 1, 1, NULL, NULL, 'unpaid', 1, '5', '2018-12-09 13:57:53', '2018-12-09 13:57:53'),
(4435, 'Creating our First Webpage', 520, 1, 1, NULL, NULL, 'unpaid', 1, '5', '2018-12-09 13:57:53', '2018-12-09 13:57:53'),
(4436, 'Creating our First Webpage', 520, 1, 1, NULL, NULL, 'unpaid', 1, '5', '2018-12-09 13:57:53', '2018-12-09 13:57:53'),
(4437, 'Creating our First Webpage', 520, 1, 1, NULL, NULL, 'unpaid', 1, '5', '2018-12-09 13:57:53', '2018-12-09 13:57:53'),
(4438, 'Creating our First Webpage', 520, 1, 1, NULL, NULL, 'unpaid', 1, '5', '2018-12-09 13:57:53', '2018-12-09 13:57:53'),
(4439, 'Creating our First Webpage', 520, 1, 1, NULL, NULL, 'unpaid', 1, '5', '2018-12-09 13:57:53', '2018-12-09 13:57:53'),
(4440, 'Creating our First Webpage', 520, 1, 1, NULL, NULL, 'unpaid', 1, '5', '2018-12-09 13:57:53', '2018-12-09 13:57:53'),
(4441, 'Creating our First Webpage', 520, 1, 1, NULL, NULL, 'unpaid', 1, '5', '2018-12-09 13:57:53', '2018-12-09 13:57:53'),
(4442, 'Creating our First Webpage', 520, 1, 1, NULL, NULL, 'unpaid', 1, '5', '2018-12-09 13:57:53', '2018-12-09 13:57:53'),
(4443, 'Creating our First Webpage', 520, 1, 1, NULL, NULL, 'unpaid', 1, '5', '2018-12-09 13:57:53', '2018-12-09 13:57:53'),
(4444, 'Creating our First Webpage', 520, 1, 1, NULL, NULL, 'unpaid', 1, '5', '2018-12-09 13:57:53', '2018-12-09 13:57:53'),
(4445, 'Creating our First Webpage', 520, 1, 1, NULL, NULL, 'unpaid', 1, '5', '2018-12-09 13:57:53', '2018-12-09 13:57:53'),
(4446, 'Creating our First Webpage', 520, 1, 1, NULL, NULL, 'unpaid', 1, '5', '2018-12-09 13:57:53', '2018-12-09 13:57:53'),
(4447, 'Creating our First Webpage', 520, 1, 1, NULL, NULL, 'unpaid', 1, '5', '2018-12-09 13:57:53', '2018-12-09 13:57:53'),
(4448, 'Creating our First Webpage', 520, 1, 1, NULL, NULL, 'unpaid', 1, '5', '2018-12-09 13:57:53', '2018-12-09 13:57:53'),
(4449, 'Creating our First Webpage', 520, 1, 1, NULL, NULL, 'unpaid', 1, '5', '2018-12-09 13:57:53', '2018-12-09 13:57:53'),
(4450, 'Creating our First Webpage', 520, 1, 1, NULL, NULL, 'unpaid', 1, '5', '2018-12-09 13:57:53', '2018-12-09 13:57:53'),
(4451, 'Creating our First Webpage', 520, 1, 1, NULL, NULL, 'unpaid', 1, '5', '2018-12-09 13:57:53', '2018-12-09 13:57:53'),
(4452, 'Creating our First Webpage', 520, 1, 1, NULL, NULL, 'unpaid', 1, '5', '2018-12-09 13:57:53', '2018-12-09 13:57:53'),
(4453, 'Creating our First Webpage', 520, 1, 1, NULL, NULL, 'unpaid', 1, '5', '2018-12-09 13:57:53', '2018-12-09 13:57:53'),
(4454, 'Creating our First Webpage', 520, 1, 1, NULL, NULL, 'unpaid', 1, '5', '2018-12-09 13:57:53', '2018-12-09 13:57:53'),
(4455, 'Creating our First Webpage', 520, 1, 1, NULL, NULL, 'unpaid', 1, '5', '2018-12-09 13:57:53', '2018-12-09 13:57:53'),
(4456, 'Creating our First Webpage', 520, 1, 1, NULL, NULL, 'unpaid', 1, '5', '2018-12-09 13:57:53', '2018-12-09 13:57:53'),
(4457, 'Creating our First Webpage', 520, 1, 1, NULL, NULL, 'unpaid', 1, '5', '2018-12-09 13:57:53', '2018-12-09 13:57:53'),
(4458, 'Creating our First Webpage', 520, 1, 1, NULL, NULL, 'unpaid', 1, '5', '2018-12-09 13:57:53', '2018-12-09 13:57:53'),
(4459, 'Creating our First Webpage', 520, 1, 1, NULL, NULL, 'unpaid', 1, '5', '2018-12-09 13:57:53', '2018-12-09 13:57:53'),
(4460, 'Creating our First Webpage', 520, 1, 1, NULL, NULL, 'unpaid', 1, '5', '2018-12-09 13:57:53', '2018-12-09 13:57:53'),
(4461, 'Creating our First Webpage', 520, 1, 1, NULL, NULL, 'unpaid', 1, '5', '2018-12-09 13:57:53', '2018-12-09 13:57:53'),
(4462, 'Creating our First Webpage', 520, 1, 1, NULL, NULL, 'unpaid', 1, '5', '2018-12-09 13:57:53', '2018-12-09 13:57:53'),
(4463, 'Creating our First Webpage', 520, 1, 1, NULL, NULL, 'unpaid', 1, '5', '2018-12-09 13:57:53', '2018-12-09 13:57:53'),
(4464, 'Creating our First Webpage', 520, 1, 1, NULL, NULL, 'unpaid', 1, '5', '2018-12-09 13:57:53', '2018-12-09 13:57:53'),
(4465, 'Creating our First Webpage', 520, 1, 1, NULL, NULL, 'unpaid', 1, '5', '2018-12-09 13:57:53', '2018-12-09 13:57:53'),
(4466, 'Creating our First Webpage', 520, 1, 1, NULL, NULL, 'unpaid', 1, '5', '2018-12-09 13:57:53', '2018-12-09 13:57:53'),
(4467, 'Creating our First Webpage', 520, 1, 1, NULL, NULL, 'unpaid', 1, '5', '2018-12-09 13:57:53', '2018-12-09 13:57:53'),
(4468, 'Creating our First Webpage', 520, 1, 1, NULL, NULL, 'unpaid', 1, '5', '2018-12-09 13:57:53', '2018-12-09 13:57:53'),
(4469, 'Creating our First Webpage', 520, 1, 1, NULL, NULL, 'unpaid', 1, '5', '2018-12-09 13:57:53', '2018-12-09 13:57:53'),
(4470, 'Creating our First Webpage', 520, 1, 1, NULL, NULL, 'unpaid', 1, '5', '2018-12-09 13:57:53', '2018-12-09 13:57:53'),
(4471, 'Creating our First Webpage', 520, 1, 1, NULL, NULL, 'unpaid', 1, '5', '2018-12-09 13:57:53', '2018-12-09 13:57:53'),
(4472, 'Creating our First Webpage', 520, 1, 1, NULL, NULL, 'unpaid', 1, '5', '2018-12-09 13:57:53', '2018-12-09 13:57:53'),
(4473, 'Creating our First Webpage', 520, 1, 1, NULL, NULL, 'unpaid', 1, '5', '2018-12-09 13:57:53', '2018-12-09 13:57:53'),
(4474, 'Creating our First Webpage', 520, 1, 1, NULL, NULL, 'unpaid', 1, '5', '2018-12-09 13:57:53', '2018-12-09 13:57:53'),
(4475, 'Creating our First Webpage', 520, 1, 1, NULL, NULL, 'unpaid', 1, '5', '2018-12-09 13:57:53', '2018-12-09 13:57:53'),
(4476, 'Creating our First Webpage', 520, 1, 1, NULL, NULL, 'unpaid', 1, '5', '2018-12-09 13:57:53', '2018-12-09 13:57:53'),
(4477, 'Creating our First Webpage', 520, 1, 1, NULL, NULL, 'unpaid', 1, '5', '2018-12-09 13:57:53', '2018-12-09 13:57:53'),
(4478, 'Creating our First Webpage', 520, 1, 1, NULL, NULL, 'unpaid', 1, '5', '2018-12-09 13:57:53', '2018-12-09 13:57:53'),
(4479, 'Creating our First Webpage', 520, 1, 1, NULL, NULL, 'unpaid', 1, '5', '2018-12-09 13:57:53', '2018-12-09 13:57:53'),
(4480, 'Creating our First Webpage', 520, 1, 1, NULL, NULL, 'unpaid', 1, '5', '2018-12-09 13:57:53', '2018-12-09 13:57:53'),
(4481, 'Creating our First Webpage', 520, 1, 1, NULL, NULL, 'unpaid', 1, '5', '2018-12-09 13:57:53', '2018-12-09 13:57:53'),
(4482, 'Creating our First Webpage', 520, 1, 1, NULL, NULL, 'unpaid', 1, '5', '2018-12-09 13:57:53', '2018-12-09 13:57:53'),
(4483, 'Creating our First Webpage', 520, 1, 1, NULL, NULL, 'unpaid', 1, '5', '2018-12-09 13:57:53', '2018-12-09 13:57:53'),
(4484, 'Creating our First Webpage', 520, 1, 1, NULL, NULL, 'unpaid', 1, '5', '2018-12-09 13:57:53', '2018-12-09 13:57:53'),
(4485, 'Creating our First Webpage', 520, 1, 1, NULL, NULL, 'unpaid', 1, '5', '2018-12-09 13:57:53', '2018-12-09 13:57:53'),
(4486, 'Creating our First Webpage', 520, 1, 1, NULL, NULL, 'unpaid', 1, '5', '2018-12-09 13:57:53', '2018-12-09 13:57:53'),
(4487, 'Creating our First Webpage', 520, 1, 1, NULL, NULL, 'unpaid', 1, '5', '2018-12-09 13:57:53', '2018-12-09 13:57:53'),
(4488, 'Creating our First Webpage', 520, 1, 1, NULL, NULL, 'unpaid', 1, '5', '2018-12-09 13:57:53', '2018-12-09 13:57:53'),
(4489, 'Creating our First Webpage', 520, 1, 1, NULL, NULL, 'unpaid', 1, '5', '2018-12-09 13:57:53', '2018-12-09 13:57:53'),
(4490, 'Creating our First Webpage', 520, 1, 1, NULL, NULL, 'unpaid', 1, '5', '2018-12-09 13:57:53', '2018-12-09 13:57:53'),
(4491, 'Creating our First Webpage', 520, 1, 1, NULL, NULL, 'unpaid', 1, '5', '2018-12-09 13:57:53', '2018-12-09 13:57:53'),
(4492, 'Creating our First Webpage', 520, 1, 1, NULL, NULL, 'unpaid', 1, '5', '2018-12-09 13:57:53', '2018-12-09 13:57:53'),
(4493, 'Creating our First Webpage', 520, 1, 1, NULL, NULL, 'unpaid', 1, '5', '2018-12-09 13:57:53', '2018-12-09 13:57:53'),
(4494, 'Creating our First Webpage', 520, 1, 1, NULL, NULL, 'unpaid', 1, '5', '2018-12-09 13:57:53', '2018-12-09 13:57:53'),
(4495, 'Creating our First Webpage', 520, 1, 1, NULL, NULL, 'unpaid', 1, '5', '2018-12-09 13:57:53', '2018-12-09 13:57:53'),
(4496, 'Creating our First Webpage', 520, 1, 1, NULL, NULL, 'unpaid', 1, '5', '2018-12-09 13:57:53', '2018-12-09 13:57:53'),
(4497, 'Creating our First Webpage', 520, 1, 1, NULL, NULL, 'unpaid', 1, '5', '2018-12-09 13:57:53', '2018-12-09 13:57:53'),
(4498, 'Creating our First Webpage', 520, 1, 1, NULL, NULL, 'unpaid', 1, '5', '2018-12-09 13:57:53', '2018-12-09 13:57:53'),
(4499, 'Creating our First Webpage', 520, 1, 1, NULL, NULL, 'unpaid', 1, '5', '2018-12-09 13:57:53', '2018-12-09 13:57:53'),
(4500, 'Creating our First Webpage', 520, 1, 1, NULL, NULL, 'unpaid', 1, '5', '2018-12-09 13:57:53', '2018-12-09 13:57:53'),
(4501, 'Creating our First Webpage', 520, 1, 1, NULL, NULL, 'unpaid', 1, '5', '2018-12-09 13:57:53', '2018-12-09 13:57:53'),
(4502, 'Creating our First Webpage', 520, 1, 1, NULL, NULL, 'unpaid', 1, '5', '2018-12-09 13:57:53', '2018-12-09 13:57:53'),
(4503, 'Creating our First Webpage', 520, 1, 1, NULL, NULL, 'unpaid', 1, '5', '2018-12-09 13:57:53', '2018-12-09 13:57:53'),
(4504, 'Creating our First Webpage', 520, 1, 1, NULL, NULL, 'unpaid', 1, '5', '2018-12-09 13:57:53', '2018-12-09 13:57:53'),
(4505, 'Creating our First Webpage', 520, 1, 1, NULL, NULL, 'unpaid', 1, '5', '2018-12-09 13:57:53', '2018-12-09 13:57:53'),
(4506, 'Creating our First Webpage', 520, 1, 1, NULL, NULL, 'unpaid', 1, '5', '2018-12-09 13:57:53', '2018-12-09 13:57:53'),
(4507, 'Creating our First Webpage', 520, 1, 1, NULL, NULL, 'unpaid', 1, '5', '2018-12-09 13:57:53', '2018-12-09 13:57:53'),
(4508, 'Creating our First Webpage', 520, 1, 1, NULL, NULL, 'unpaid', 1, '5', '2018-12-09 13:57:53', '2018-12-09 13:57:53'),
(4509, 'Creating our First Webpage', 520, 1, 1, NULL, NULL, 'unpaid', 1, '5', '2018-12-09 13:57:53', '2018-12-09 13:57:53'),
(4510, 'Creating our First Webpage', 520, 1, 1, NULL, NULL, 'unpaid', 1, '5', '2018-12-09 13:57:53', '2018-12-09 13:57:53'),
(4511, 'Creating our First Webpage', 520, 1, 1, NULL, NULL, 'unpaid', 1, '5', '2018-12-09 13:57:53', '2018-12-09 13:57:53'),
(4512, 'Creating our First Webpage', 520, 1, 1, NULL, NULL, 'unpaid', 1, '5', '2018-12-09 13:57:53', '2018-12-09 13:57:53'),
(4513, 'Creating our First Webpage', 520, 1, 1, NULL, NULL, 'unpaid', 1, '5', '2018-12-09 13:57:53', '2018-12-09 13:57:53'),
(4514, 'Creating our First Webpage', 520, 1, 1, NULL, NULL, 'unpaid', 1, '5', '2018-12-09 13:57:53', '2018-12-09 13:57:53'),
(4515, 'Creating our First Webpage', 520, 1, 1, NULL, NULL, 'unpaid', 1, '5', '2018-12-09 13:57:53', '2018-12-09 13:57:53'),
(4516, 'Creating our First Webpage', 520, 1, 1, NULL, NULL, 'unpaid', 1, '5', '2018-12-09 13:57:53', '2018-12-09 13:57:53'),
(4517, 'Creating our First Webpage', 520, 1, 1, NULL, NULL, 'unpaid', 1, '5', '2018-12-09 13:57:53', '2018-12-09 13:57:53'),
(4518, 'Creating our First Webpage', 520, 1, 1, NULL, NULL, 'unpaid', 1, '5', '2018-12-09 13:57:53', '2018-12-09 13:57:53'),
(4519, 'Creating our First Webpage', 520, 1, 1, NULL, NULL, 'unpaid', 1, '5', '2018-12-09 13:57:53', '2018-12-09 13:57:53'),
(4520, 'Creating our First Webpage', 520, 1, 1, NULL, NULL, 'unpaid', 1, '5', '2018-12-09 13:57:53', '2018-12-09 13:57:53'),
(4521, 'Creating our First Webpage', 520, 1, 1, NULL, NULL, 'unpaid', 1, '5', '2018-12-09 13:57:53', '2018-12-09 13:57:53'),
(4522, 'Creating our First Webpage', 520, 1, 1, NULL, NULL, 'unpaid', 1, '5', '2018-12-09 13:57:53', '2018-12-09 13:57:53'),
(4523, 'Creating our First Webpage', 520, 1, 1, NULL, NULL, 'unpaid', 1, '5', '2018-12-09 13:57:53', '2018-12-09 13:57:53'),
(4524, 'Creating our First Webpage', 520, 1, 1, NULL, NULL, 'unpaid', 1, '5', '2018-12-09 13:57:53', '2018-12-09 13:57:53'),
(4525, 'Creating our First Webpage', 520, 1, 1, NULL, NULL, 'unpaid', 1, '5', '2018-12-09 13:57:53', '2018-12-09 13:57:53'),
(4526, 'Creating our First Webpage', 520, 1, 1, NULL, NULL, 'unpaid', 1, '5', '2018-12-09 13:57:53', '2018-12-09 13:57:53'),
(4527, 'Creating our First Webpage', 520, 1, 1, NULL, NULL, 'unpaid', 1, '5', '2018-12-09 13:57:53', '2018-12-09 13:57:53'),
(4528, 'Creating our First Webpage', 520, 1, 1, NULL, NULL, 'unpaid', 1, '5', '2018-12-09 13:57:53', '2018-12-09 13:57:53'),
(4529, 'Creating our First Webpage', 520, 1, 1, NULL, NULL, 'unpaid', 1, '5', '2018-12-09 13:57:53', '2018-12-09 13:57:53'),
(4530, 'Creating our First Webpage', 520, 1, 1, NULL, NULL, 'unpaid', 1, '5', '2018-12-09 13:57:53', '2018-12-09 13:57:53'),
(4531, 'Creating our First Webpage', 520, 1, 1, NULL, NULL, 'unpaid', 1, '5', '2018-12-09 13:57:53', '2018-12-09 13:57:53'),
(4532, 'Creating our First Webpage', 520, 1, 1, NULL, NULL, 'unpaid', 1, '5', '2018-12-09 13:57:53', '2018-12-09 13:57:53'),
(4533, 'Creating our First Webpage', 520, 1, 1, NULL, NULL, 'unpaid', 1, '5', '2018-12-09 13:57:53', '2018-12-09 13:57:53'),
(4534, 'Creating our First Webpage', 520, 1, 1, NULL, NULL, 'unpaid', 1, '5', '2018-12-09 13:57:53', '2018-12-09 13:57:53'),
(4535, 'Creating our First Webpage', 520, 1, 1, NULL, NULL, 'unpaid', 1, '5', '2018-12-09 13:57:53', '2018-12-09 13:57:53'),
(4536, 'Creating our First Webpage', 520, 1, 1, NULL, NULL, 'unpaid', 1, '5', '2018-12-09 13:57:53', '2018-12-09 13:57:53'),
(4537, 'Creating our First Webpage', 520, 1, 1, NULL, NULL, 'unpaid', 1, '5', '2018-12-09 13:57:53', '2018-12-09 13:57:53'),
(4538, 'Creating our First Webpage', 520, 1, 1, NULL, NULL, 'unpaid', 1, '5', '2018-12-09 13:57:53', '2018-12-09 13:57:53'),
(4539, 'Creating our First Webpage', 520, 1, 1, NULL, NULL, 'unpaid', 1, '5', '2018-12-09 13:57:53', '2018-12-09 13:57:53'),
(4540, 'Creating our First Webpage', 520, 1, 1, NULL, NULL, 'unpaid', 1, '5', '2018-12-09 13:57:53', '2018-12-09 13:57:53'),
(4541, 'Creating our First Webpage', 520, 1, 1, NULL, NULL, 'unpaid', 1, '5', '2018-12-09 13:57:53', '2018-12-09 13:57:53'),
(4542, 'Creating our First Webpage', 520, 1, 1, NULL, NULL, 'unpaid', 1, '5', '2018-12-09 13:57:53', '2018-12-09 13:57:53'),
(4543, 'Creating our First Webpage', 520, 1, 1, NULL, NULL, 'unpaid', 1, '5', '2018-12-09 13:57:53', '2018-12-09 13:57:53'),
(4544, 'Creating our First Webpage', 520, 1, 1, NULL, NULL, 'unpaid', 1, '5', '2018-12-09 13:57:53', '2018-12-09 13:57:53'),
(4545, 'Creating our First Webpage', 520, 1, 1, NULL, NULL, 'unpaid', 1, '5', '2018-12-09 13:57:53', '2018-12-09 13:57:53'),
(4546, 'Creating our First Webpage', 520, 1, 1, NULL, NULL, 'unpaid', 1, '5', '2018-12-09 13:57:53', '2018-12-09 13:57:53'),
(4547, 'Creating our First Webpage', 520, 1, 1, NULL, NULL, 'unpaid', 1, '5', '2018-12-09 13:57:53', '2018-12-09 13:57:53'),
(4548, 'Creating our First Webpage', 520, 1, 1, NULL, NULL, 'unpaid', 1, '5', '2018-12-09 13:57:53', '2018-12-09 13:57:53'),
(4549, 'Creating our First Webpage', 520, 1, 1, NULL, NULL, 'unpaid', 1, '5', '2018-12-09 13:57:53', '2018-12-09 13:57:53'),
(4550, 'Creating our First Webpage', 520, 1, 1, NULL, NULL, 'unpaid', 1, '5', '2018-12-09 13:57:53', '2018-12-09 13:57:53'),
(4551, 'Creating our First Webpage', 520, 1, 1, NULL, NULL, 'unpaid', 1, '5', '2018-12-09 13:57:53', '2018-12-09 13:57:53'),
(4552, 'Creating our First Webpage', 520, 1, 1, NULL, NULL, 'unpaid', 1, '5', '2018-12-09 13:57:53', '2018-12-09 13:57:53'),
(4553, 'Creating our First Webpage', 520, 1, 1, NULL, NULL, 'unpaid', 1, '5', '2018-12-09 13:57:53', '2018-12-09 13:57:53'),
(4554, 'Creating our First Webpage', 520, 1, 1, NULL, NULL, 'unpaid', 1, '5', '2018-12-09 13:57:53', '2018-12-09 13:57:53'),
(4555, 'Creating our First Webpage', 520, 1, 1, NULL, NULL, 'unpaid', 1, '5', '2018-12-09 13:57:53', '2018-12-09 13:57:53'),
(4556, 'Creating our First Webpage', 520, 1, 1, NULL, NULL, 'unpaid', 1, '5', '2018-12-09 13:57:53', '2018-12-09 13:57:53'),
(4557, 'Creating our First Webpage', 520, 1, 1, NULL, NULL, 'unpaid', 1, '5', '2018-12-09 13:57:53', '2018-12-09 13:57:53'),
(4558, 'Creating our First Webpage', 520, 1, 1, NULL, NULL, 'unpaid', 1, '5', '2018-12-09 13:57:53', '2018-12-09 13:57:53'),
(4559, 'Creating our First Webpage', 520, 1, 1, NULL, NULL, 'unpaid', 1, '5', '2018-12-09 13:57:53', '2018-12-09 13:57:53'),
(4560, 'Creating our First Webpage', 520, 1, 1, NULL, NULL, 'unpaid', 1, '5', '2018-12-09 13:57:53', '2018-12-09 13:57:53'),
(4561, 'Creating our First Webpage', 520, 1, 1, NULL, NULL, 'unpaid', 1, '5', '2018-12-09 13:57:53', '2018-12-09 13:57:53'),
(4562, 'Creating our First Webpage', 520, 1, 1, NULL, NULL, 'unpaid', 1, '5', '2018-12-09 13:57:53', '2018-12-09 13:57:53'),
(4563, 'Creating our First Webpage', 520, 1, 1, NULL, NULL, 'unpaid', 1, '5', '2018-12-09 13:57:53', '2018-12-09 13:57:53'),
(4564, 'Creating our First Webpage', 520, 1, 1, NULL, NULL, 'unpaid', 1, '5', '2018-12-09 13:57:53', '2018-12-09 13:57:53'),
(4565, 'Creating our First Webpage', 520, 1, 1, NULL, NULL, 'unpaid', 1, '5', '2018-12-09 13:57:53', '2018-12-09 13:57:53'),
(4566, 'Creating our First Webpage', 520, 1, 1, NULL, NULL, 'unpaid', 1, '5', '2018-12-09 13:57:53', '2018-12-09 13:57:53'),
(4567, 'Creating our First Webpage', 520, 1, 1, NULL, NULL, 'unpaid', 1, '5', '2018-12-09 13:57:53', '2018-12-09 13:57:53'),
(4568, 'Creating our First Webpage', 520, 1, 1, NULL, NULL, 'unpaid', 1, '5', '2018-12-09 13:57:53', '2018-12-09 13:57:53'),
(4569, 'Creating our First Webpage', 520, 1, 1, NULL, NULL, 'unpaid', 1, '5', '2018-12-09 13:57:53', '2018-12-09 13:57:53'),
(4570, 'Creating our First Webpage', 520, 1, 1, NULL, NULL, 'unpaid', 1, '5', '2018-12-09 13:57:53', '2018-12-09 13:57:53'),
(4571, 'Creating our First Webpage', 520, 1, 1, NULL, NULL, 'unpaid', 1, '5', '2018-12-09 13:57:53', '2018-12-09 13:57:53'),
(4572, 'Creating our First Webpage', 520, 1, 1, NULL, NULL, 'unpaid', 1, '5', '2018-12-09 13:57:53', '2018-12-09 13:57:53'),
(4573, 'Creating our First Webpage', 520, 1, 1, NULL, NULL, 'unpaid', 1, '5', '2018-12-09 13:57:53', '2018-12-09 13:57:53'),
(4574, 'Creating our First Webpage', 520, 1, 1, NULL, NULL, 'unpaid', 1, '5', '2018-12-09 13:57:53', '2018-12-09 13:57:53'),
(4575, 'Creating our First Webpage', 520, 1, 1, NULL, NULL, 'unpaid', 1, '5', '2018-12-09 13:57:53', '2018-12-09 13:57:53'),
(4576, 'Creating our First Webpage', 520, 1, 1, NULL, NULL, 'unpaid', 1, '5', '2018-12-09 13:57:53', '2018-12-09 13:57:53'),
(4577, 'Creating our First Webpage', 520, 1, 1, NULL, NULL, 'unpaid', 1, '5', '2018-12-09 13:57:53', '2018-12-09 13:57:53'),
(4578, 'Creating our First Webpage', 520, 1, 1, NULL, NULL, 'unpaid', 1, '5', '2018-12-09 13:57:53', '2018-12-09 13:57:53'),
(4579, 'Creating our First Webpage', 520, 1, 1, NULL, NULL, 'unpaid', 1, '5', '2018-12-09 13:57:53', '2018-12-09 13:57:53'),
(4580, 'Creating our First Webpage', 520, 1, 1, NULL, NULL, 'unpaid', 1, '5', '2018-12-09 13:57:53', '2018-12-09 13:57:53'),
(4581, 'Creating our First Webpage', 520, 1, 1, NULL, NULL, 'unpaid', 1, '5', '2018-12-09 13:57:53', '2018-12-09 13:57:53'),
(4582, 'Creating our First Webpage', 520, 1, 1, NULL, NULL, 'unpaid', 1, '5', '2018-12-09 13:57:53', '2018-12-09 13:57:53'),
(4583, 'Creating our First Webpage', 520, 1, 1, NULL, NULL, 'unpaid', 1, '5', '2018-12-09 13:57:53', '2018-12-09 13:57:53'),
(4584, 'Creating our First Webpage', 520, 1, 1, NULL, NULL, 'unpaid', 1, '5', '2018-12-09 13:57:53', '2018-12-09 13:57:53'),
(4585, 'Creating our First Webpage', 520, 1, 1, NULL, NULL, 'unpaid', 1, '5', '2018-12-09 13:57:53', '2018-12-09 13:57:53'),
(4586, 'Creating our First Webpage', 520, 1, 1, NULL, NULL, 'unpaid', 1, '5', '2018-12-09 13:57:53', '2018-12-09 13:57:53'),
(4587, 'Creating our First Webpage', 520, 1, 1, NULL, NULL, 'unpaid', 1, '5', '2018-12-09 13:57:53', '2018-12-09 13:57:53'),
(4588, 'Creating our First Webpage', 520, 1, 1, NULL, NULL, 'unpaid', 1, '5', '2018-12-09 13:57:53', '2018-12-09 13:57:53'),
(4589, 'Creating our First Webpage', 520, 1, 1, NULL, NULL, 'unpaid', 1, '5', '2018-12-09 13:57:53', '2018-12-09 13:57:53'),
(4590, 'Creating our First Webpage', 520, 1, 1, NULL, NULL, 'unpaid', 1, '5', '2018-12-09 13:57:53', '2018-12-09 13:57:53'),
(4591, 'Creating our First Webpage', 520, 1, 1, NULL, NULL, 'unpaid', 1, '5', '2018-12-09 13:57:53', '2018-12-09 13:57:53'),
(4592, 'Creating our First Webpage', 520, 1, 1, NULL, NULL, 'unpaid', 1, '5', '2018-12-09 13:57:53', '2018-12-09 13:57:53'),
(4593, 'Creating our First Webpage', 520, 1, 1, NULL, NULL, 'unpaid', 1, '5', '2018-12-09 13:57:53', '2018-12-09 13:57:53'),
(4594, 'Creating our First Webpage', 520, 1, 1, NULL, NULL, 'unpaid', 1, '5', '2018-12-09 13:57:53', '2018-12-09 13:57:53'),
(4595, 'Creating our First Webpage', 520, 1, 1, NULL, NULL, 'unpaid', 1, '5', '2018-12-09 13:57:53', '2018-12-09 13:57:53'),
(4596, 'Creating our First Webpage', 520, 1, 1, NULL, NULL, 'unpaid', 1, '5', '2018-12-09 13:57:53', '2018-12-09 13:57:53'),
(4597, 'Creating our First Webpage', 520, 1, 1, NULL, NULL, 'unpaid', 1, '5', '2018-12-09 13:57:53', '2018-12-09 13:57:53'),
(4598, 'Creating our First Webpage', 520, 1, 1, NULL, NULL, 'unpaid', 1, '5', '2018-12-09 13:57:53', '2018-12-09 13:57:53'),
(4599, 'Creating our First Webpage', 520, 1, 1, NULL, NULL, 'unpaid', 1, '5', '2018-12-09 13:57:53', '2018-12-09 13:57:53'),
(4600, 'Creating our First Webpage', 520, 1, 1, NULL, NULL, 'unpaid', 1, '5', '2018-12-09 13:57:53', '2018-12-09 13:57:53'),
(4601, 'Creating our First Webpage', 520, 1, 1, NULL, NULL, 'unpaid', 1, '5', '2018-12-09 13:57:53', '2018-12-09 13:57:53'),
(4602, 'Creating our First Webpage', 520, 1, 1, NULL, NULL, 'unpaid', 1, '5', '2018-12-09 13:57:53', '2018-12-09 13:57:53'),
(4603, 'Creating our First Webpage', 520, 1, 1, NULL, NULL, 'unpaid', 1, '5', '2018-12-09 13:57:53', '2018-12-09 13:57:53'),
(4604, 'Creating our First Webpage', 520, 1, 1, NULL, NULL, 'unpaid', 1, '5', '2018-12-09 13:57:53', '2018-12-09 13:57:53'),
(4605, 'Creating our First Webpage', 520, 1, 1, NULL, NULL, 'unpaid', 1, '5', '2018-12-09 13:57:53', '2018-12-09 13:57:53'),
(4606, 'Creating our First Webpage', 520, 1, 1, NULL, NULL, 'unpaid', 1, '5', '2018-12-09 13:57:53', '2018-12-09 13:57:53'),
(4607, 'Creating our First Webpage', 520, 1, 1, NULL, NULL, 'unpaid', 1, '5', '2018-12-09 13:57:53', '2018-12-09 13:57:53'),
(4608, 'Creating our First Webpage', 520, 1, 1, NULL, NULL, 'unpaid', 1, '5', '2018-12-09 13:57:53', '2018-12-09 13:57:53'),
(4609, 'Creating our First Webpage', 520, 1, 1, NULL, NULL, 'unpaid', 1, '5', '2018-12-09 13:57:53', '2018-12-09 13:57:53'),
(4610, 'Creating our First Webpage', 520, 1, 1, NULL, NULL, 'unpaid', 1, '5', '2018-12-09 13:57:53', '2018-12-09 13:57:53'),
(4611, 'Creating our First Webpage', 520, 1, 1, NULL, NULL, 'unpaid', 1, '5', '2018-12-09 13:57:53', '2018-12-09 13:57:53'),
(4612, 'Creating our First Webpage', 520, 1, 1, NULL, NULL, 'unpaid', 1, '5', '2018-12-09 13:57:53', '2018-12-09 13:57:53'),
(4613, 'Creating our First Webpage', 520, 1, 1, NULL, NULL, 'unpaid', 1, '5', '2018-12-09 13:57:53', '2018-12-09 13:57:53');
INSERT INTO `invoices` (`id`, `title`, `total_amount`, `class_id`, `student_id`, `payment_method`, `paid_amount`, `status`, `school_id`, `session`, `created_at`, `updated_at`) VALUES
(4614, 'Creating our First Webpage', 520, 1, 1, NULL, NULL, 'unpaid', 1, '5', '2018-12-09 13:57:53', '2018-12-09 13:57:53'),
(4615, 'Creating our First Webpage', 520, 1, 1, NULL, NULL, 'unpaid', 1, '5', '2018-12-09 13:57:53', '2018-12-09 13:57:53'),
(4616, 'Creating our First Webpage', 520, 1, 1, NULL, NULL, 'unpaid', 1, '5', '2018-12-09 13:57:53', '2018-12-09 13:57:53'),
(4617, 'Creating our First Webpage', 520, 1, 1, NULL, NULL, 'unpaid', 1, '5', '2018-12-09 13:57:53', '2018-12-09 13:57:53'),
(4618, 'Creating our First Webpage', 520, 1, 1, NULL, NULL, 'unpaid', 1, '5', '2018-12-09 13:57:53', '2018-12-09 13:57:53'),
(4619, 'Creating our First Webpage', 520, 1, 1, NULL, NULL, 'unpaid', 1, '5', '2018-12-09 13:57:53', '2018-12-09 13:57:53'),
(4620, 'Creating our First Webpage', 520, 1, 1, NULL, NULL, 'unpaid', 1, '5', '2018-12-09 13:57:53', '2018-12-09 13:57:53'),
(4621, 'Creating our First Webpage', 520, 1, 1, NULL, NULL, 'unpaid', 1, '5', '2018-12-09 13:57:53', '2018-12-09 13:57:53'),
(4622, 'Creating our First Webpage', 520, 1, 1, NULL, NULL, 'unpaid', 1, '5', '2018-12-09 13:57:53', '2018-12-09 13:57:53'),
(4623, 'Creating our First Webpage', 520, 1, 1, NULL, NULL, 'unpaid', 1, '5', '2018-12-09 13:57:53', '2018-12-09 13:57:53'),
(4624, 'Creating our First Webpage', 520, 1, 1, NULL, NULL, 'unpaid', 1, '5', '2018-12-09 13:57:53', '2018-12-09 13:57:53'),
(4625, 'Creating our First Webpage', 520, 1, 1, NULL, NULL, 'unpaid', 1, '5', '2018-12-09 13:57:53', '2018-12-09 13:57:53'),
(4626, 'Creating our First Webpage', 520, 1, 1, NULL, NULL, 'unpaid', 1, '5', '2018-12-09 13:57:53', '2018-12-09 13:57:53'),
(4627, 'Creating our First Webpage', 520, 1, 1, NULL, NULL, 'unpaid', 1, '5', '2018-12-09 13:57:53', '2018-12-09 13:57:53'),
(4628, 'Creating our First Webpage', 520, 1, 1, NULL, NULL, 'unpaid', 1, '5', '2018-12-09 13:57:53', '2018-12-09 13:57:53'),
(4629, 'Creating our First Webpage', 520, 1, 1, NULL, NULL, 'unpaid', 1, '5', '2018-12-09 13:57:53', '2018-12-09 13:57:53'),
(4630, 'Creating our First Webpage', 520, 1, 1, NULL, NULL, 'unpaid', 1, '5', '2018-12-09 13:57:53', '2018-12-09 13:57:53'),
(4631, 'Creating our First Webpage', 520, 1, 1, NULL, NULL, 'unpaid', 1, '5', '2018-12-09 13:57:53', '2018-12-09 13:57:53'),
(4632, 'Creating our First Webpage', 520, 1, 1, NULL, NULL, 'unpaid', 1, '5', '2018-12-09 13:57:53', '2018-12-09 13:57:53'),
(4633, 'Creating our First Webpage', 520, 1, 1, NULL, NULL, 'unpaid', 1, '5', '2018-12-09 13:57:53', '2018-12-09 13:57:53'),
(4634, 'Creating our First Webpage', 520, 1, 1, NULL, NULL, 'unpaid', 1, '5', '2018-12-09 13:57:53', '2018-12-09 13:57:53'),
(4635, 'Creating our First Webpage', 520, 1, 1, NULL, NULL, 'unpaid', 1, '5', '2018-12-09 13:57:53', '2018-12-09 13:57:53'),
(4636, 'Creating our First Webpage', 520, 1, 1, NULL, NULL, 'unpaid', 1, '5', '2018-12-09 13:57:53', '2018-12-09 13:57:53'),
(4637, 'Creating our First Webpage', 520, 1, 1, NULL, NULL, 'unpaid', 1, '5', '2018-12-09 13:57:53', '2018-12-09 13:57:53'),
(4638, 'Creating our First Webpage', 520, 1, 1, NULL, NULL, 'unpaid', 1, '5', '2018-12-09 13:57:53', '2018-12-09 13:57:53'),
(4639, 'Creating our First Webpage', 520, 1, 1, NULL, NULL, 'unpaid', 1, '5', '2018-12-09 13:57:53', '2018-12-09 13:57:53'),
(4640, 'Creating our First Webpage', 520, 1, 1, NULL, NULL, 'unpaid', 1, '5', '2018-12-09 13:57:53', '2018-12-09 13:57:53'),
(4641, 'Creating our First Webpage', 520, 1, 1, NULL, NULL, 'unpaid', 1, '5', '2018-12-09 13:57:53', '2018-12-09 13:57:53'),
(4642, 'Creating our First Webpage', 520, 1, 1, NULL, NULL, 'unpaid', 1, '5', '2018-12-09 13:57:53', '2018-12-09 13:57:53'),
(4643, 'Creating our First Webpage', 520, 1, 1, NULL, NULL, 'unpaid', 1, '5', '2018-12-09 13:57:53', '2018-12-09 13:57:53'),
(4644, 'Creating our First Webpage', 520, 1, 1, NULL, NULL, 'unpaid', 1, '5', '2018-12-09 13:57:53', '2018-12-09 13:57:53'),
(4645, 'Creating our First Webpage', 520, 1, 1, NULL, NULL, 'unpaid', 1, '5', '2018-12-09 13:57:53', '2018-12-09 13:57:53'),
(4646, 'Creating our First Webpage', 520, 1, 1, NULL, NULL, 'unpaid', 1, '5', '2018-12-09 13:57:53', '2018-12-09 13:57:53'),
(4647, 'Creating our First Webpage', 520, 1, 1, NULL, NULL, 'unpaid', 1, '5', '2018-12-09 13:57:53', '2018-12-09 13:57:53'),
(4648, 'Creating our First Webpage', 520, 1, 1, NULL, NULL, 'unpaid', 1, '5', '2018-12-09 13:57:53', '2018-12-09 13:57:53'),
(4649, 'Creating our First Webpage', 520, 1, 1, NULL, NULL, 'unpaid', 1, '5', '2018-12-09 13:57:53', '2018-12-09 13:57:53'),
(4650, 'Creating our First Webpage', 520, 1, 1, NULL, NULL, 'unpaid', 1, '5', '2018-12-09 13:57:53', '2018-12-09 13:57:53'),
(4651, 'Creating our First Webpage', 520, 1, 1, NULL, NULL, 'unpaid', 1, '5', '2018-12-09 13:57:53', '2018-12-09 13:57:53'),
(4652, 'Creating our First Webpage', 520, 1, 1, NULL, NULL, 'unpaid', 1, '5', '2018-12-09 13:57:53', '2018-12-09 13:57:53'),
(4653, 'Creating our First Webpage', 520, 1, 1, NULL, NULL, 'unpaid', 1, '5', '2018-12-09 13:57:53', '2018-12-09 13:57:53'),
(4654, 'Creating our First Webpage', 520, 1, 1, NULL, NULL, 'unpaid', 1, '5', '2018-12-09 13:57:53', '2018-12-09 13:57:53'),
(4655, 'Creating our First Webpage', 520, 1, 1, NULL, NULL, 'unpaid', 1, '5', '2018-12-09 13:57:53', '2018-12-09 13:57:53'),
(4656, 'Creating our First Webpage', 520, 1, 1, NULL, NULL, 'unpaid', 1, '5', '2018-12-09 13:57:53', '2018-12-09 13:57:53'),
(4657, 'Creating our First Webpage', 520, 1, 1, NULL, NULL, 'unpaid', 1, '5', '2018-12-09 13:57:53', '2018-12-09 13:57:53'),
(4658, 'Creating our First Webpage', 520, 1, 1, NULL, NULL, 'unpaid', 1, '5', '2018-12-09 13:57:53', '2018-12-09 13:57:53'),
(4659, 'Creating our First Webpage', 520, 1, 1, NULL, NULL, 'unpaid', 1, '5', '2018-12-09 13:57:53', '2018-12-09 13:57:53'),
(4660, 'Creating our First Webpage', 520, 1, 1, NULL, NULL, 'unpaid', 1, '5', '2018-12-09 13:57:53', '2018-12-09 13:57:53'),
(4661, 'Creating our First Webpage', 520, 1, 1, NULL, NULL, 'unpaid', 1, '5', '2018-12-09 13:57:53', '2018-12-09 13:57:53'),
(4662, 'Creating our First Webpage', 520, 1, 1, NULL, NULL, 'unpaid', 1, '5', '2018-12-09 13:57:53', '2018-12-09 13:57:53'),
(4663, 'Creating our First Webpage', 520, 1, 1, NULL, NULL, 'unpaid', 1, '5', '2018-12-09 13:57:53', '2018-12-09 13:57:53'),
(4664, 'Creating our First Webpage', 520, 1, 1, NULL, NULL, 'unpaid', 1, '5', '2018-12-09 13:57:53', '2018-12-09 13:57:53'),
(4665, 'Creating our First Webpage', 520, 1, 1, NULL, NULL, 'unpaid', 1, '5', '2018-12-09 13:57:53', '2018-12-09 13:57:53'),
(4666, 'Creating our First Webpage', 520, 1, 1, NULL, NULL, 'unpaid', 1, '5', '2018-12-09 13:57:53', '2018-12-09 13:57:53'),
(4667, 'Creating our First Webpage', 520, 1, 1, NULL, NULL, 'unpaid', 1, '5', '2018-12-09 13:57:53', '2018-12-09 13:57:53'),
(4668, 'Creating our First Webpage', 520, 1, 1, NULL, NULL, 'unpaid', 1, '5', '2018-12-09 13:57:53', '2018-12-09 13:57:53'),
(4669, 'Creating our First Webpage', 520, 1, 1, NULL, NULL, 'unpaid', 1, '5', '2018-12-09 13:57:53', '2018-12-09 13:57:53'),
(4670, 'Creating our First Webpage', 520, 1, 1, NULL, NULL, 'unpaid', 1, '5', '2018-12-09 13:57:53', '2018-12-09 13:57:53'),
(4671, 'Creating our First Webpage', 520, 1, 1, NULL, NULL, 'unpaid', 1, '5', '2018-12-09 13:57:53', '2018-12-09 13:57:53'),
(4672, 'Creating our First Webpage', 520, 1, 1, NULL, NULL, 'unpaid', 1, '5', '2018-12-09 13:57:53', '2018-12-09 13:57:53'),
(4673, 'Creating our First Webpage', 520, 1, 1, NULL, NULL, 'unpaid', 1, '5', '2018-12-09 13:57:53', '2018-12-09 13:57:53'),
(4674, 'Creating our First Webpage', 520, 1, 1, NULL, NULL, 'unpaid', 1, '5', '2018-12-09 13:57:53', '2018-12-09 13:57:53'),
(4675, 'Creating our First Webpage', 520, 1, 1, NULL, NULL, 'unpaid', 1, '5', '2018-12-09 13:57:53', '2018-12-09 13:57:53'),
(4676, 'Creating our First Webpage', 520, 1, 1, NULL, NULL, 'unpaid', 1, '5', '2018-12-09 13:57:53', '2018-12-09 13:57:53'),
(4677, 'Creating our First Webpage', 520, 1, 1, NULL, NULL, 'unpaid', 1, '5', '2018-12-09 13:57:53', '2018-12-09 13:57:53'),
(4678, 'Creating our First Webpage', 520, 1, 1, NULL, NULL, 'unpaid', 1, '5', '2018-12-09 13:57:53', '2018-12-09 13:57:53'),
(4679, 'Creating our First Webpage', 520, 1, 1, NULL, NULL, 'unpaid', 1, '5', '2018-12-09 13:57:53', '2018-12-09 13:57:53'),
(4680, 'Creating our First Webpage', 520, 1, 1, NULL, NULL, 'unpaid', 1, '5', '2018-12-09 13:57:53', '2018-12-09 13:57:53'),
(4681, 'Creating our First Webpage', 520, 1, 1, NULL, NULL, 'unpaid', 1, '5', '2018-12-09 13:57:53', '2018-12-09 13:57:53'),
(4682, 'Creating our First Webpage', 520, 1, 1, NULL, NULL, 'unpaid', 1, '5', '2018-12-09 13:57:53', '2018-12-09 13:57:53'),
(4683, 'Creating our First Webpage', 520, 1, 1, NULL, NULL, 'unpaid', 1, '5', '2018-12-09 13:57:53', '2018-12-09 13:57:53'),
(4684, 'Creating our First Webpage', 520, 1, 1, NULL, NULL, 'unpaid', 1, '5', '2018-12-09 13:57:53', '2018-12-09 13:57:53'),
(4685, 'Creating our First Webpage', 520, 1, 1, NULL, NULL, 'unpaid', 1, '5', '2018-12-09 13:57:53', '2018-12-09 13:57:53'),
(4686, 'Creating our First Webpage', 520, 1, 1, NULL, NULL, 'unpaid', 1, '5', '2018-12-09 13:57:53', '2018-12-09 13:57:53'),
(4687, 'Creating our First Webpage', 520, 1, 1, NULL, NULL, 'unpaid', 1, '5', '2018-12-09 13:57:53', '2018-12-09 13:57:53'),
(4688, 'Creating our First Webpage', 520, 1, 1, NULL, NULL, 'unpaid', 1, '5', '2018-12-09 13:57:53', '2018-12-09 13:57:53'),
(4689, 'Creating our First Webpage', 520, 1, 1, NULL, NULL, 'unpaid', 1, '5', '2018-12-09 13:57:53', '2018-12-09 13:57:53'),
(4690, 'Creating our First Webpage', 520, 1, 1, NULL, NULL, 'unpaid', 1, '5', '2018-12-09 13:57:53', '2018-12-09 13:57:53'),
(4691, 'Creating our First Webpage', 520, 1, 1, NULL, NULL, 'unpaid', 1, '5', '2018-12-09 13:57:53', '2018-12-09 13:57:53'),
(4692, 'Creating our First Webpage', 520, 1, 1, NULL, NULL, 'unpaid', 1, '5', '2018-12-09 13:57:53', '2018-12-09 13:57:53'),
(4693, 'Creating our First Webpage', 520, 1, 1, NULL, NULL, 'unpaid', 1, '5', '2018-12-09 13:57:53', '2018-12-09 13:57:53'),
(4694, 'Creating our First Webpage', 520, 1, 1, NULL, NULL, 'unpaid', 1, '5', '2018-12-09 13:57:53', '2018-12-09 13:57:53'),
(4695, 'Creating our First Webpage', 520, 1, 1, NULL, NULL, 'unpaid', 1, '5', '2018-12-09 13:57:53', '2018-12-09 13:57:53'),
(4696, 'Creating our First Webpage', 520, 1, 1, NULL, NULL, 'unpaid', 1, '5', '2018-12-09 13:57:53', '2018-12-09 13:57:53'),
(4697, 'Creating our First Webpage', 520, 1, 1, NULL, NULL, 'unpaid', 1, '5', '2018-12-09 13:57:53', '2018-12-09 13:57:53'),
(4698, 'Creating our First Webpage', 520, 1, 1, NULL, NULL, 'unpaid', 1, '5', '2018-12-09 13:57:53', '2018-12-09 13:57:53'),
(4699, 'Creating our First Webpage', 520, 1, 1, NULL, NULL, 'unpaid', 1, '5', '2018-12-09 13:57:53', '2018-12-09 13:57:53'),
(4700, 'Creating our First Webpage', 520, 1, 1, NULL, NULL, 'unpaid', 1, '5', '2018-12-09 13:57:53', '2018-12-09 13:57:53'),
(4701, 'Creating our First Webpage', 520, 1, 1, NULL, NULL, 'unpaid', 1, '5', '2018-12-09 13:57:53', '2018-12-09 13:57:53'),
(4702, 'Creating our First Webpage', 520, 1, 1, NULL, NULL, 'unpaid', 1, '5', '2018-12-09 13:57:53', '2018-12-09 13:57:53'),
(4703, 'Creating our First Webpage', 520, 1, 1, NULL, NULL, 'unpaid', 1, '5', '2018-12-09 13:57:53', '2018-12-09 13:57:53'),
(4704, 'Creating our First Webpage', 520, 1, 1, NULL, NULL, 'unpaid', 1, '5', '2018-12-09 13:57:53', '2018-12-09 13:57:53'),
(4705, 'Creating our First Webpage', 520, 1, 1, NULL, NULL, 'unpaid', 1, '5', '2018-12-09 13:57:53', '2018-12-09 13:57:53'),
(4706, 'Creating our First Webpage', 520, 1, 1, NULL, NULL, 'unpaid', 1, '5', '2018-12-09 13:57:53', '2018-12-09 13:57:53'),
(4707, 'Creating our First Webpage', 520, 1, 1, NULL, NULL, 'unpaid', 1, '5', '2018-12-09 13:57:53', '2018-12-09 13:57:53'),
(4708, 'Creating our First Webpage', 520, 1, 1, NULL, NULL, 'unpaid', 1, '5', '2018-12-09 13:57:53', '2018-12-09 13:57:53'),
(4709, 'Creating our First Webpage', 520, 1, 1, NULL, NULL, 'unpaid', 1, '5', '2018-12-09 13:57:53', '2018-12-09 13:57:53'),
(4710, 'Creating our First Webpage', 520, 1, 1, NULL, NULL, 'unpaid', 1, '5', '2018-12-09 13:57:53', '2018-12-09 13:57:53'),
(4711, 'Creating our First Webpage', 520, 1, 1, NULL, NULL, 'unpaid', 1, '5', '2018-12-09 13:57:53', '2018-12-09 13:57:53'),
(4712, 'Creating our First Webpage', 520, 1, 1, NULL, NULL, 'unpaid', 1, '5', '2018-12-09 13:57:53', '2018-12-09 13:57:53'),
(4713, 'Creating our First Webpage', 520, 1, 1, NULL, NULL, 'unpaid', 1, '5', '2018-12-09 13:57:53', '2018-12-09 13:57:53'),
(4714, 'Creating our First Webpage', 520, 1, 1, NULL, NULL, 'unpaid', 1, '5', '2018-12-09 13:57:53', '2018-12-09 13:57:53'),
(4715, 'Creating our First Webpage', 520, 1, 1, NULL, NULL, 'unpaid', 1, '5', '2018-12-09 13:57:53', '2018-12-09 13:57:53'),
(4716, 'Creating our First Webpage', 520, 1, 1, NULL, NULL, 'unpaid', 1, '5', '2018-12-09 13:57:53', '2018-12-09 13:57:53'),
(4717, 'Creating our First Webpage', 520, 1, 1, NULL, NULL, 'unpaid', 1, '5', '2018-12-09 13:57:53', '2018-12-09 13:57:53'),
(4718, 'Creating our First Webpage', 520, 1, 1, NULL, NULL, 'unpaid', 1, '5', '2018-12-09 13:57:53', '2018-12-09 13:57:53'),
(4719, 'Creating our First Webpage', 520, 1, 1, NULL, NULL, 'unpaid', 1, '5', '2018-12-09 13:57:53', '2018-12-09 13:57:53'),
(4720, 'Creating our First Webpage', 520, 1, 1, NULL, NULL, 'unpaid', 1, '5', '2018-12-09 13:57:53', '2018-12-09 13:57:53'),
(4721, 'Creating our First Webpage', 520, 1, 1, NULL, NULL, 'unpaid', 1, '5', '2018-12-09 13:57:53', '2018-12-09 13:57:53'),
(4722, 'Creating our First Webpage', 520, 1, 1, NULL, NULL, 'unpaid', 1, '5', '2018-12-09 13:57:53', '2018-12-09 13:57:53'),
(4723, 'Creating our First Webpage', 520, 1, 1, NULL, NULL, 'unpaid', 1, '5', '2018-12-09 13:57:53', '2018-12-09 13:57:53'),
(4724, 'Creating our First Webpage', 520, 1, 1, NULL, NULL, 'unpaid', 1, '5', '2018-12-09 13:57:53', '2018-12-09 13:57:53'),
(4725, 'Creating our First Webpage', 520, 1, 1, NULL, NULL, 'unpaid', 1, '5', '2018-12-09 13:57:53', '2018-12-09 13:57:53'),
(4726, 'Creating our First Webpage', 520, 1, 1, NULL, NULL, 'unpaid', 1, '5', '2018-12-09 13:57:53', '2018-12-09 13:57:53'),
(4727, 'Creating our First Webpage', 520, 1, 1, NULL, NULL, 'unpaid', 1, '5', '2018-12-09 13:57:53', '2018-12-09 13:57:53'),
(4728, 'Creating our First Webpage', 520, 1, 1, NULL, NULL, 'unpaid', 1, '5', '2018-12-09 13:57:53', '2018-12-09 13:57:53'),
(4729, 'Creating our First Webpage', 520, 1, 1, NULL, NULL, 'unpaid', 1, '5', '2018-12-09 13:57:53', '2018-12-09 13:57:53'),
(4730, 'Creating our First Webpage', 520, 1, 1, NULL, NULL, 'unpaid', 1, '5', '2018-12-09 13:57:53', '2018-12-09 13:57:53'),
(4731, 'Creating our First Webpage', 520, 1, 1, NULL, NULL, 'unpaid', 1, '5', '2018-12-09 13:57:53', '2018-12-09 13:57:53'),
(4732, 'Creating our First Webpage', 520, 1, 1, NULL, NULL, 'unpaid', 1, '5', '2018-12-09 13:57:53', '2018-12-09 13:57:53'),
(4733, 'Creating our First Webpage', 520, 1, 1, NULL, NULL, 'unpaid', 1, '5', '2018-12-09 13:57:53', '2018-12-09 13:57:53'),
(4734, 'Creating our First Webpage', 520, 1, 1, NULL, NULL, 'unpaid', 1, '5', '2018-12-09 13:57:53', '2018-12-09 13:57:53'),
(4735, 'Creating our First Webpage', 520, 1, 1, NULL, NULL, 'unpaid', 1, '5', '2018-12-09 13:57:53', '2018-12-09 13:57:53'),
(4736, 'Creating our First Webpage', 520, 1, 1, NULL, NULL, 'unpaid', 1, '5', '2018-12-09 13:57:53', '2018-12-09 13:57:53'),
(4737, 'Creating our First Webpage', 520, 1, 1, NULL, NULL, 'unpaid', 1, '5', '2018-12-09 13:57:53', '2018-12-09 13:57:53'),
(4738, 'Creating our First Webpage', 520, 1, 1, NULL, NULL, 'unpaid', 1, '5', '2018-12-09 13:57:53', '2018-12-09 13:57:53'),
(4739, 'Creating our First Webpage', 520, 1, 1, NULL, NULL, 'unpaid', 1, '5', '2018-12-09 13:57:53', '2018-12-09 13:57:53'),
(4740, 'Creating our First Webpage', 520, 1, 1, NULL, NULL, 'unpaid', 1, '5', '2018-12-09 13:57:53', '2018-12-09 13:57:53'),
(4741, 'Creating our First Webpage', 520, 1, 1, NULL, NULL, 'unpaid', 1, '5', '2018-12-09 13:57:53', '2018-12-09 13:57:53'),
(4742, 'Creating our First Webpage', 520, 1, 1, NULL, NULL, 'unpaid', 1, '5', '2018-12-09 13:57:53', '2018-12-09 13:57:53'),
(4743, 'Creating our First Webpage', 520, 1, 1, NULL, NULL, 'unpaid', 1, '5', '2018-12-09 13:57:53', '2018-12-09 13:57:53'),
(4744, 'Creating our First Webpage', 520, 1, 1, NULL, NULL, 'unpaid', 1, '5', '2018-12-09 13:57:53', '2018-12-09 13:57:53'),
(4745, 'Creating our First Webpage', 520, 1, 1, NULL, NULL, 'unpaid', 1, '5', '2018-12-09 13:57:53', '2018-12-09 13:57:53'),
(4746, 'Creating our First Webpage', 520, 1, 1, NULL, NULL, 'unpaid', 1, '5', '2018-12-09 13:57:53', '2018-12-09 13:57:53'),
(4747, 'Creating our First Webpage', 520, 1, 1, NULL, NULL, 'unpaid', 1, '5', '2018-12-09 13:57:53', '2018-12-09 13:57:53'),
(4748, 'Creating our First Webpage', 520, 1, 1, NULL, NULL, 'unpaid', 1, '5', '2018-12-09 13:57:53', '2018-12-09 13:57:53'),
(4749, 'Creating our First Webpage', 520, 1, 1, NULL, NULL, 'unpaid', 1, '5', '2018-12-09 13:57:53', '2018-12-09 13:57:53'),
(4750, 'Creating our First Webpage', 520, 1, 1, NULL, NULL, 'unpaid', 1, '5', '2018-12-09 13:57:53', '2018-12-09 13:57:53'),
(4751, 'Creating our First Webpage', 520, 1, 1, NULL, NULL, 'unpaid', 1, '5', '2018-12-09 13:57:53', '2018-12-09 13:57:53'),
(4752, 'Creating our First Webpage', 520, 1, 1, NULL, NULL, 'unpaid', 1, '5', '2018-12-09 13:57:53', '2018-12-09 13:57:53'),
(4753, 'Creating our First Webpage', 520, 1, 1, NULL, NULL, 'unpaid', 1, '5', '2018-12-09 13:57:53', '2018-12-09 13:57:53'),
(4754, 'Creating our First Webpage', 520, 1, 1, NULL, NULL, 'unpaid', 1, '5', '2018-12-09 13:57:53', '2018-12-09 13:57:53'),
(4755, 'Creating our First Webpage', 520, 1, 1, NULL, NULL, 'unpaid', 1, '5', '2018-12-09 13:57:53', '2018-12-09 13:57:53'),
(4756, 'Creating our First Webpage', 520, 1, 1, NULL, NULL, 'unpaid', 1, '5', '2018-12-09 13:57:53', '2018-12-09 13:57:53'),
(4757, 'Creating our First Webpage', 520, 1, 1, NULL, NULL, 'unpaid', 1, '5', '2018-12-09 13:57:53', '2018-12-09 13:57:53'),
(4758, 'Creating our First Webpage', 520, 1, 1, NULL, NULL, 'unpaid', 1, '5', '2018-12-09 13:57:53', '2018-12-09 13:57:53'),
(4759, 'Creating our First Webpage', 520, 1, 1, NULL, NULL, 'unpaid', 1, '5', '2018-12-09 13:57:53', '2018-12-09 13:57:53'),
(4760, 'Creating our First Webpage', 520, 1, 1, NULL, NULL, 'unpaid', 1, '5', '2018-12-09 13:57:53', '2018-12-09 13:57:53'),
(4761, 'Creating our First Webpage', 520, 1, 1, NULL, NULL, 'unpaid', 1, '5', '2018-12-09 13:57:53', '2018-12-09 13:57:53'),
(4762, 'Creating our First Webpage', 520, 1, 1, NULL, NULL, 'unpaid', 1, '5', '2018-12-09 13:57:53', '2018-12-09 13:57:53'),
(4763, 'Creating our First Webpage', 520, 1, 1, NULL, NULL, 'unpaid', 1, '5', '2018-12-09 13:57:53', '2018-12-09 13:57:53'),
(4764, 'Creating our First Webpage', 520, 1, 1, NULL, NULL, 'unpaid', 1, '5', '2018-12-09 13:57:53', '2018-12-09 13:57:53'),
(4765, 'Creating our First Webpage', 520, 1, 1, NULL, NULL, 'unpaid', 1, '5', '2018-12-09 13:57:53', '2018-12-09 13:57:53'),
(4766, 'Creating our First Webpage', 520, 1, 1, NULL, NULL, 'unpaid', 1, '5', '2018-12-09 13:57:53', '2018-12-09 13:57:53'),
(4767, 'Creating our First Webpage', 520, 1, 1, NULL, NULL, 'unpaid', 1, '5', '2018-12-09 13:57:53', '2018-12-09 13:57:53'),
(4768, 'Creating our First Webpage', 520, 1, 1, NULL, NULL, 'unpaid', 1, '5', '2018-12-09 13:57:53', '2018-12-09 13:57:53'),
(4769, 'Creating our First Webpage', 520, 1, 1, NULL, NULL, 'unpaid', 1, '5', '2018-12-09 13:57:53', '2018-12-09 13:57:53'),
(4770, 'Creating our First Webpage', 520, 1, 1, NULL, NULL, 'unpaid', 1, '5', '2018-12-09 13:57:53', '2018-12-09 13:57:53'),
(4771, 'Creating our First Webpage', 520, 1, 1, NULL, NULL, 'unpaid', 1, '5', '2018-12-09 13:57:53', '2018-12-09 13:57:53'),
(4772, 'Creating our First Webpage', 520, 1, 1, NULL, NULL, 'unpaid', 1, '5', '2018-12-09 13:57:53', '2018-12-09 13:57:53'),
(4773, 'Creating our First Webpage', 520, 1, 1, NULL, NULL, 'unpaid', 1, '5', '2018-12-09 13:57:53', '2018-12-09 13:57:53'),
(4774, 'Creating our First Webpage', 520, 1, 1, NULL, NULL, 'unpaid', 1, '5', '2018-12-09 13:57:53', '2018-12-09 13:57:53'),
(4775, 'Creating our First Webpage', 520, 1, 1, NULL, NULL, 'unpaid', 1, '5', '2018-12-09 13:57:53', '2018-12-09 13:57:53'),
(4776, 'Creating our First Webpage', 520, 1, 1, NULL, NULL, 'unpaid', 1, '5', '2018-12-09 13:57:53', '2018-12-09 13:57:53'),
(4777, 'Creating our First Webpage', 520, 1, 1, NULL, NULL, 'unpaid', 1, '5', '2018-12-09 13:57:53', '2018-12-09 13:57:53'),
(4778, 'Creating our First Webpage', 520, 1, 1, NULL, NULL, 'unpaid', 1, '5', '2018-12-09 13:57:53', '2018-12-09 13:57:53'),
(4779, 'Creating our First Webpage', 520, 1, 1, NULL, NULL, 'unpaid', 1, '5', '2018-12-09 13:57:53', '2018-12-09 13:57:53'),
(4780, 'Creating our First Webpage', 520, 1, 1, NULL, NULL, 'unpaid', 1, '5', '2018-12-09 13:57:53', '2018-12-09 13:57:53'),
(4781, 'Creating our First Webpage', 520, 1, 1, NULL, NULL, 'unpaid', 1, '5', '2018-12-09 13:57:53', '2018-12-09 13:57:53'),
(4782, 'Creating our First Webpage', 520, 1, 1, NULL, NULL, 'unpaid', 1, '5', '2018-12-09 13:57:53', '2018-12-09 13:57:53'),
(4783, 'Creating our First Webpage', 520, 1, 1, NULL, NULL, 'unpaid', 1, '5', '2018-12-09 13:57:53', '2018-12-09 13:57:53'),
(4784, 'Creating our First Webpage', 520, 1, 1, NULL, NULL, 'unpaid', 1, '5', '2018-12-09 13:57:53', '2018-12-09 13:57:53'),
(4785, 'Creating our First Webpage', 520, 1, 1, NULL, NULL, 'unpaid', 1, '5', '2018-12-09 13:57:53', '2018-12-09 13:57:53'),
(4786, 'Creating our First Webpage', 520, 1, 1, NULL, NULL, 'unpaid', 1, '5', '2018-12-09 13:57:53', '2018-12-09 13:57:53'),
(4787, 'Creating our First Webpage', 520, 1, 1, NULL, NULL, 'unpaid', 1, '5', '2018-12-09 13:57:53', '2018-12-09 13:57:53'),
(4788, 'Creating our First Webpage', 520, 1, 1, NULL, NULL, 'unpaid', 1, '5', '2018-12-09 13:57:53', '2018-12-09 13:57:53'),
(4789, 'Creating our First Webpage', 520, 1, 1, NULL, NULL, 'unpaid', 1, '5', '2018-12-09 13:57:53', '2018-12-09 13:57:53'),
(4790, 'Creating our First Webpage', 520, 1, 1, NULL, NULL, 'unpaid', 1, '5', '2018-12-09 13:57:53', '2018-12-09 13:57:53'),
(4791, 'Creating our First Webpage', 520, 1, 1, NULL, NULL, 'unpaid', 1, '5', '2018-12-09 13:57:53', '2018-12-09 13:57:53'),
(4792, 'Creating our First Webpage', 520, 1, 1, NULL, NULL, 'unpaid', 1, '5', '2018-12-09 13:57:53', '2018-12-09 13:57:53'),
(4793, 'Creating our First Webpage', 520, 1, 1, NULL, NULL, 'unpaid', 1, '5', '2018-12-09 13:57:53', '2018-12-09 13:57:53'),
(4794, 'Creating our First Webpage', 520, 1, 1, NULL, NULL, 'unpaid', 1, '5', '2018-12-09 13:57:53', '2018-12-09 13:57:53'),
(4795, 'Creating our First Webpage', 520, 1, 1, NULL, NULL, 'unpaid', 1, '5', '2018-12-09 13:57:53', '2018-12-09 13:57:53'),
(4796, 'Creating our First Webpage', 520, 1, 1, NULL, NULL, 'unpaid', 1, '5', '2018-12-09 13:57:53', '2018-12-09 13:57:53'),
(4797, 'Creating our First Webpage', 520, 1, 1, NULL, NULL, 'unpaid', 1, '5', '2018-12-09 13:57:53', '2018-12-09 13:57:53'),
(4798, 'Creating our First Webpage', 520, 1, 1, NULL, NULL, 'unpaid', 1, '5', '2018-12-09 13:57:53', '2018-12-09 13:57:53'),
(4799, 'Creating our First Webpage', 520, 1, 1, NULL, NULL, 'unpaid', 1, '5', '2018-12-09 13:57:53', '2018-12-09 13:57:53'),
(4800, 'Creating our First Webpage', 520, 1, 1, NULL, NULL, 'unpaid', 1, '5', '2018-12-09 13:57:53', '2018-12-09 13:57:53'),
(4801, 'Creating our First Webpage', 520, 1, 1, NULL, NULL, 'unpaid', 1, '5', '2018-12-09 13:57:53', '2018-12-09 13:57:53'),
(4802, 'Creating our First Webpage', 520, 1, 1, NULL, NULL, 'unpaid', 1, '5', '2018-12-09 13:57:53', '2018-12-09 13:57:53'),
(4803, 'Creating our First Webpage', 520, 1, 1, NULL, NULL, 'unpaid', 1, '5', '2018-12-09 13:57:53', '2018-12-09 13:57:53'),
(4804, 'Creating our First Webpage', 520, 1, 1, NULL, NULL, 'unpaid', 1, '5', '2018-12-09 13:57:53', '2018-12-09 13:57:53'),
(4805, 'Creating our First Webpage', 520, 1, 1, NULL, NULL, 'unpaid', 1, '5', '2018-12-09 13:57:53', '2018-12-09 13:57:53'),
(4806, 'Creating our First Webpage', 520, 1, 1, NULL, NULL, 'unpaid', 1, '5', '2018-12-09 13:57:53', '2018-12-09 13:57:53'),
(4807, 'Creating our First Webpage', 520, 1, 1, NULL, NULL, 'unpaid', 1, '5', '2018-12-09 13:57:53', '2018-12-09 13:57:53'),
(4808, 'Creating our First Webpage', 520, 1, 1, NULL, NULL, 'unpaid', 1, '5', '2018-12-09 13:57:53', '2018-12-09 13:57:53'),
(4809, 'Creating our First Webpage', 520, 1, 1, NULL, NULL, 'unpaid', 1, '5', '2018-12-09 13:57:53', '2018-12-09 13:57:53'),
(4810, 'Creating our First Webpage', 520, 1, 1, NULL, NULL, 'unpaid', 1, '5', '2018-12-09 13:57:53', '2018-12-09 13:57:53'),
(4811, 'Creating our First Webpage', 520, 1, 1, NULL, NULL, 'unpaid', 1, '5', '2018-12-09 13:57:53', '2018-12-09 13:57:53'),
(4812, 'Creating our First Webpage', 520, 1, 1, NULL, NULL, 'unpaid', 1, '5', '2018-12-09 13:57:53', '2018-12-09 13:57:53'),
(4813, 'Creating our First Webpage', 520, 1, 1, NULL, NULL, 'unpaid', 1, '5', '2018-12-09 13:57:53', '2018-12-09 13:57:53'),
(4814, 'Creating our First Webpage', 520, 1, 1, NULL, NULL, 'unpaid', 1, '5', '2018-12-09 13:57:53', '2018-12-09 13:57:53'),
(4815, 'Creating our First Webpage', 520, 1, 1, NULL, NULL, 'unpaid', 1, '5', '2018-12-09 13:57:53', '2018-12-09 13:57:53'),
(4816, 'Creating our First Webpage', 520, 1, 1, NULL, NULL, 'unpaid', 1, '5', '2018-12-09 13:57:53', '2018-12-09 13:57:53'),
(4817, 'Creating our First Webpage', 520, 1, 1, NULL, NULL, 'unpaid', 1, '5', '2018-12-09 13:57:53', '2018-12-09 13:57:53'),
(4818, 'Creating our First Webpage', 520, 1, 1, NULL, NULL, 'unpaid', 1, '5', '2018-12-09 13:57:53', '2018-12-09 13:57:53'),
(4819, 'Creating our First Webpage', 520, 1, 1, NULL, NULL, 'unpaid', 1, '5', '2018-12-09 13:57:53', '2018-12-09 13:57:53'),
(4820, 'Creating our First Webpage', 520, 1, 1, NULL, NULL, 'unpaid', 1, '5', '2018-12-09 13:57:53', '2018-12-09 13:57:53'),
(4821, 'Creating our First Webpage', 520, 1, 1, NULL, NULL, 'unpaid', 1, '5', '2018-12-09 13:57:53', '2018-12-09 13:57:53'),
(4822, 'Creating our First Webpage', 520, 1, 1, NULL, NULL, 'unpaid', 1, '5', '2018-12-09 13:57:53', '2018-12-09 13:57:53'),
(4823, 'Creating our First Webpage', 520, 1, 1, NULL, NULL, 'unpaid', 1, '5', '2018-12-09 13:57:53', '2018-12-09 13:57:53'),
(4824, 'Creating our First Webpage', 520, 1, 1, NULL, NULL, 'unpaid', 1, '5', '2018-12-09 13:57:53', '2018-12-09 13:57:53'),
(4825, 'Creating our First Webpage', 520, 1, 1, NULL, NULL, 'unpaid', 1, '5', '2018-12-09 13:57:53', '2018-12-09 13:57:53'),
(4826, 'Creating our First Webpage', 520, 1, 1, NULL, NULL, 'unpaid', 1, '5', '2018-12-09 13:57:53', '2018-12-09 13:57:53'),
(4827, 'Creating our First Webpage', 520, 1, 1, NULL, NULL, 'unpaid', 1, '5', '2018-12-09 13:57:53', '2018-12-09 13:57:53'),
(4828, 'Creating our First Webpage', 520, 1, 1, NULL, NULL, 'unpaid', 1, '5', '2018-12-09 13:57:53', '2018-12-09 13:57:53'),
(4829, 'Creating our First Webpage', 520, 1, 1, NULL, NULL, 'unpaid', 1, '5', '2018-12-09 13:57:53', '2018-12-09 13:57:53'),
(4830, 'Creating our First Webpage', 520, 1, 1, NULL, NULL, 'unpaid', 1, '5', '2018-12-09 13:57:53', '2018-12-09 13:57:53'),
(4831, 'Creating our First Webpage', 520, 1, 1, NULL, NULL, 'unpaid', 1, '5', '2018-12-09 13:57:53', '2018-12-09 13:57:53'),
(4832, 'Creating our First Webpage', 520, 1, 1, NULL, NULL, 'unpaid', 1, '5', '2018-12-09 13:57:53', '2018-12-09 13:57:53'),
(4833, 'Creating our First Webpage', 520, 1, 1, NULL, NULL, 'unpaid', 1, '5', '2018-12-09 13:57:53', '2018-12-09 13:57:53'),
(4834, 'Creating our First Webpage', 520, 1, 1, NULL, NULL, 'unpaid', 1, '5', '2018-12-09 13:57:53', '2018-12-09 13:57:53'),
(4835, 'Creating our First Webpage', 520, 1, 1, NULL, NULL, 'unpaid', 1, '5', '2018-12-09 13:57:53', '2018-12-09 13:57:53'),
(4836, 'Creating our First Webpage', 520, 1, 1, NULL, NULL, 'unpaid', 1, '5', '2018-12-09 13:57:53', '2018-12-09 13:57:53'),
(4837, 'Creating our First Webpage', 520, 1, 1, NULL, NULL, 'unpaid', 1, '5', '2018-12-09 13:57:53', '2018-12-09 13:57:53'),
(4838, 'Creating our First Webpage', 520, 1, 1, NULL, NULL, 'unpaid', 1, '5', '2018-12-09 13:57:53', '2018-12-09 13:57:53'),
(4839, 'Creating our First Webpage', 520, 1, 1, NULL, NULL, 'unpaid', 1, '5', '2018-12-09 13:57:53', '2018-12-09 13:57:53'),
(4840, 'Creating our First Webpage', 520, 1, 1, NULL, NULL, 'unpaid', 1, '5', '2018-12-09 13:57:53', '2018-12-09 13:57:53'),
(4841, 'Creating our First Webpage', 520, 1, 1, NULL, NULL, 'unpaid', 1, '5', '2018-12-09 13:57:53', '2018-12-09 13:57:53'),
(4842, 'Creating our First Webpage', 520, 1, 1, NULL, NULL, 'unpaid', 1, '5', '2018-12-09 13:57:53', '2018-12-09 13:57:53'),
(4843, 'Creating our First Webpage', 520, 1, 1, NULL, NULL, 'unpaid', 1, '5', '2018-12-09 13:57:53', '2018-12-09 13:57:53'),
(4844, 'Creating our First Webpage', 520, 1, 1, NULL, NULL, 'unpaid', 1, '5', '2018-12-09 13:57:53', '2018-12-09 13:57:53'),
(4845, 'Creating our First Webpage', 520, 1, 1, NULL, NULL, 'unpaid', 1, '5', '2018-12-09 13:57:53', '2018-12-09 13:57:53'),
(4846, 'Creating our First Webpage', 520, 1, 1, NULL, NULL, 'unpaid', 1, '5', '2018-12-09 13:57:53', '2018-12-09 13:57:53'),
(4847, 'Creating our First Webpage', 520, 1, 1, NULL, NULL, 'unpaid', 1, '5', '2018-12-09 13:57:53', '2018-12-09 13:57:53'),
(4848, 'Creating our First Webpage', 520, 1, 1, NULL, NULL, 'unpaid', 1, '5', '2018-12-09 13:57:53', '2018-12-09 13:57:53'),
(4849, 'Creating our First Webpage', 520, 1, 1, NULL, NULL, 'unpaid', 1, '5', '2018-12-09 13:57:53', '2018-12-09 13:57:53'),
(4850, 'Creating our First Webpage', 520, 1, 1, NULL, NULL, 'unpaid', 1, '5', '2018-12-09 13:57:53', '2018-12-09 13:57:53'),
(4851, 'Creating our First Webpage', 520, 1, 1, NULL, NULL, 'unpaid', 1, '5', '2018-12-09 13:57:53', '2018-12-09 13:57:53');

-- --------------------------------------------------------

--
-- Table structure for table `marks`
--

DROP TABLE IF EXISTS `marks`;
CREATE TABLE `marks` (
  `id` int(11) UNSIGNED NOT NULL,
  `student_id` int(11) DEFAULT NULL,
  `subject_id` int(11) DEFAULT NULL,
  `class_id` int(11) DEFAULT NULL,
  `section_id` int(11) DEFAULT NULL,
  `exam_id` int(11) DEFAULT NULL,
  `mark_obtained` int(11) DEFAULT NULL,
  `comment` longtext CHARACTER SET utf8 COLLATE utf8_unicode_ci,
  `session` int(11) DEFAULT NULL,
  `school_id` int(11) DEFAULT NULL,
  `created_at` timestamp NULL DEFAULT NULL,
  `updated_at` timestamp NULL DEFAULT NULL
) ENGINE=InnoDB DEFAULT CHARSET=utf8 COLLATE=utf8_unicode_ci;

--
-- Dumping data for table `marks`
--

INSERT INTO `marks` (`id`, `student_id`, `subject_id`, `class_id`, `section_id`, `exam_id`, `mark_obtained`, `comment`, `session`, `school_id`, `created_at`, `updated_at`) VALUES
(1, 1, 3, 1, 48, 3, 45, 'Bad', 5, 1, '2019-01-20 17:34:21', '2019-01-20 18:53:25'),
(2, 2, 3, 1, 48, 3, 89, 'Good', 5, 1, '2019-01-20 17:34:21', '2019-01-20 18:53:39'),
(3, 6, 3, 1, 48, 3, 99, 'Best', 5, 1, '2019-01-20 17:34:21', '2019-01-20 18:53:47'),
(4, 5, 3, 1, 49, 3, 100, 'Shera', 5, 1, '2019-01-20 17:34:46', '2019-01-20 18:54:50'),
(5, 7, 3, 1, 49, 3, 89, 'Good', 5, 1, '2019-01-20 17:34:46', '2019-01-20 18:54:51'),
(6, 8, 3, 1, 49, 3, 80, 'Good', 5, 1, '2019-01-20 17:34:46', '2019-01-20 18:54:51'),
(7, 9, 3, 1, 49, 3, 70, 'So so', 5, 1, '2019-01-20 17:34:46', '2019-01-20 18:54:52'),
(8, 10, 3, 1, 54, 3, 96, 'Best', 5, 1, '2019-01-20 18:54:59', '2019-01-20 18:55:18'),
(9, 11, 3, 1, 54, 3, 79, 'Good', 5, 1, '2019-01-20 18:54:59', '2019-01-20 18:55:17');

-- --------------------------------------------------------

--
-- Table structure for table `menus`
--

DROP TABLE IF EXISTS `menus`;
CREATE TABLE `menus` (
  `id` int(11) UNSIGNED NOT NULL,
  `displayed_name` varchar(255) CHARACTER SET utf8 COLLATE utf8_unicode_ci DEFAULT NULL,
  `route_name` varchar(255) CHARACTER SET utf8 COLLATE utf8_unicode_ci DEFAULT NULL,
  `parent` int(11) DEFAULT NULL,
  `sort_order` int(11) NOT NULL,
  `status` int(11) DEFAULT '1',
  `icon` varchar(255) CHARACTER SET utf8 COLLATE utf8_unicode_ci DEFAULT NULL,
  `created_at` timestamp NOT NULL DEFAULT CURRENT_TIMESTAMP ON UPDATE CURRENT_TIMESTAMP,
  `updated_at` timestamp NOT NULL DEFAULT '0000-00-00 00:00:00'
) ENGINE=InnoDB DEFAULT CHARSET=utf8 COLLATE=utf8_unicode_ci;

--
-- Dumping data for table `menus`
--

INSERT INTO `menus` (`id`, `displayed_name`, `route_name`, `parent`, `sort_order`, `status`, `icon`, `created_at`, `updated_at`) VALUES
(3, 'users', NULL, 0, 0, 1, 'dripicons-user', '0000-00-00 00:00:00', '0000-00-00 00:00:00'),
(4, 'admin', '', 3, 90, 0, NULL, '0000-00-00 00:00:00', '0000-00-00 00:00:00'),
(5, 'student', 'student.index', 3, 10, 1, NULL, '0000-00-00 00:00:00', '0000-00-00 00:00:00'),
(6, 'teacher', 'teacher.index', 3, 30, 1, NULL, '0000-00-00 00:00:00', '0000-00-00 00:00:00'),
(7, 'parent', 'parent.index', 3, 50, 1, NULL, '0000-00-00 00:00:00', '0000-00-00 00:00:00'),
(8, 'librarian', 'librarian.index', 3, 70, 1, NULL, '0000-00-00 00:00:00', '0000-00-00 00:00:00'),
(9, 'accountant', 'accountant.index', 3, 60, 1, NULL, '0000-00-00 00:00:00', '0000-00-00 00:00:00'),
(10, 'driver', NULL, 3, 80, 0, NULL, '0000-00-00 00:00:00', '0000-00-00 00:00:00'),
(11, 'academic', NULL, 0, 0, 1, 'dripicons-store', '0000-00-00 00:00:00', '0000-00-00 00:00:00'),
(12, 'class', 'class.index', 11, 40, 1, NULL, '0000-00-00 00:00:00', '0000-00-00 00:00:00'),
(13, 'section', NULL, 11, 50, 0, NULL, '0000-00-00 00:00:00', '0000-00-00 00:00:00'),
(14, 'class_room', 'room.index', 11, 60, 1, NULL, '0000-00-00 00:00:00', '0000-00-00 00:00:00'),
(15, 'syllabus', 'syllabus.index', 11, 30, 1, NULL, '2019-01-16 18:16:55', '0000-00-00 00:00:00'),
(16, 'subject', 'subject.index', 11, 80, 1, NULL, '0000-00-00 00:00:00', '0000-00-00 00:00:00'),
(17, 'class_routine', 'routine.index', 11, 20, 1, NULL, '0000-00-00 00:00:00', '0000-00-00 00:00:00'),
(18, 'daily_attendance', 'daily_attendance.index', 11, 10, 1, NULL, '0000-00-00 00:00:00', '0000-00-00 00:00:00'),
(19, 'noticeboard', NULL, 11, 110, 0, NULL, '0000-00-00 00:00:00', '0000-00-00 00:00:00'),
(20, 'promotion', 'student.promotion', 21, 70, 1, NULL, '2019-01-21 10:18:21', '0000-00-00 00:00:00'),
(21, 'exam', NULL, 0, 0, 1, 'dripicons-music', '0000-00-00 00:00:00', '0000-00-00 00:00:00'),
(22, 'exam', 'exam.index', 21, 20, 1, NULL, '0000-00-00 00:00:00', '0000-00-00 00:00:00'),
(23, 'grades', 'grade.index', 21, 30, 1, NULL, '0000-00-00 00:00:00', '0000-00-00 00:00:00'),
(24, 'marks', 'mark.index', 21, 10, 1, NULL, '2019-01-20 12:45:11', '0000-00-00 00:00:00'),
(25, 'tabulation_sheet', NULL, 21, 40, 0, NULL, '2019-01-20 12:47:21', '0000-00-00 00:00:00'),
(27, 'accounting', NULL, 0, 0, 1, 'dripicons-jewel', '0000-00-00 00:00:00', '0000-00-00 00:00:00'),
(28, 'student_fee_manager', 'invoice.index', 27, 10, 1, NULL, '0000-00-00 00:00:00', '0000-00-00 00:00:00'),
(29, 'student_fee_report', NULL, 27, 20, 0, NULL, '2019-01-17 05:44:11', '0000-00-00 00:00:00'),
(30, 'expense_manager', 'expense.index', 27, 40, 1, NULL, '2019-01-19 07:38:15', '0000-00-00 00:00:00'),
(31, 'back_office', NULL, 0, 0, 1, 'dripicons-cutlery', '0000-00-00 00:00:00', '0000-00-00 00:00:00'),
(32, 'library', NULL, 31, 0, 1, NULL, '0000-00-00 00:00:00', '0000-00-00 00:00:00'),
(33, 'transport', NULL, 31, 0, 0, NULL, '2019-01-16 14:40:26', '0000-00-00 00:00:00'),
(34, 'hostel', NULL, 31, 0, 0, NULL, '2019-01-16 14:40:29', '0000-00-00 00:00:00'),
(35, 'school_website', NULL, 31, 0, 0, NULL, '2019-01-16 14:40:32', '0000-00-00 00:00:00'),
(36, 'settings', NULL, 0, 0, 1, 'dripicons-basketball', '0000-00-00 00:00:00', '0000-00-00 00:00:00'),
(37, 'system_settings', 'system.settings', 36, 10, 1, NULL, '0000-00-00 00:00:00', '0000-00-00 00:00:00'),
(38, 'sms_settings', 'sms.settings', 36, 40, 1, NULL, '0000-00-00 00:00:00', '0000-00-00 00:00:00'),
(39, 'payment_settings', 'payment.settings', 36, 20, 1, NULL, '0000-00-00 00:00:00', '0000-00-00 00:00:00'),
(40, 'language_settings', 'language.settings', 36, 30, 1, NULL, '0000-00-00 00:00:00', '0000-00-00 00:00:00'),
(41, 'session_manager', 'session_manager.index', 31, 0, 1, NULL, '0000-00-00 00:00:00', '0000-00-00 00:00:00'),
(42, 'department', 'department.index', 11, 70, 1, NULL, '0000-00-00 00:00:00', '0000-00-00 00:00:00'),
(43, 'admission', 'student.create', 3, 20, 1, NULL, '0000-00-00 00:00:00', '0000-00-00 00:00:00'),
(44, 'addon_manager', 'addon_manager.index', 31, 0, 1, NULL, '0000-00-00 00:00:00', '0000-00-00 00:00:00'),
(45, 'assignment', NULL, 11, 90, 0, NULL, '2019-01-16 13:45:09', '0000-00-00 00:00:00'),
(46, 'event_calender', 'event_calendar.index', 11, 100, 1, NULL, '2019-01-21 08:51:47', '0000-00-00 00:00:00'),
(47, 'online_exam', NULL, 21, 50, 0, NULL, '2019-01-20 12:48:01', '0000-00-00 00:00:00'),
(48, 'certificate', NULL, 21, 60, 0, NULL, '2019-01-20 12:48:04', '0000-00-00 00:00:00'),
(49, 'teacher_permission', 'permission.index', 3, 40, 1, NULL, '0000-00-00 00:00:00', '0000-00-00 00:00:00'),
(50, 'messaging', NULL, 3, 110, 0, NULL, '0000-00-00 00:00:00', '0000-00-00 00:00:00'),
(51, 'role_permission', 'role.index', 3, 100, 0, NULL, '0000-00-00 00:00:00', '0000-00-00 00:00:00'),
(53, 'form_builder', NULL, 35, 0, 1, NULL, '0000-00-00 00:00:00', '0000-00-00 00:00:00'),
(54, 'book_list_manager', 'book.index', 32, 0, 1, NULL, '0000-00-00 00:00:00', '0000-00-00 00:00:00'),
(55, 'book_issue_report', 'book_issue.index', 32, 0, 1, NULL, '0000-00-00 00:00:00', '0000-00-00 00:00:00'),
(57, 'room_manager', NULL, 34, 0, 1, NULL, '0000-00-00 00:00:00', '0000-00-00 00:00:00'),
(58, 'student_report', NULL, 34, 0, 1, NULL, '0000-00-00 00:00:00', '0000-00-00 00:00:00'),
(59, 'multi_school_manager', 'school.index', 31, 0, 1, NULL, '0000-00-00 00:00:00', '0000-00-00 00:00:00'),
(60, 'ex', NULL, NULL, 0, 1, NULL, '0000-00-00 00:00:00', '0000-00-00 00:00:00'),
(61, 'income_expense_category', NULL, NULL, 0, 1, NULL, '0000-00-00 00:00:00', '0000-00-00 00:00:00'),
(62, 'expense_category', 'expense_category.index', 27, 30, 1, NULL, '0000-00-00 00:00:00', '0000-00-00 00:00:00'),
(78, 'alumni', 'alumni.index', 3, 91, 1, NULL, '2019-01-21 07:30:00', '2019-01-21 07:30:00');

-- --------------------------------------------------------

--
-- Table structure for table `migrations`
--

DROP TABLE IF EXISTS `migrations`;
CREATE TABLE `migrations` (
  `id` int(10) UNSIGNED NOT NULL,
  `migration` varchar(255) CHARACTER SET utf8mb4 COLLATE utf8mb4_unicode_ci NOT NULL,
  `batch` int(11) NOT NULL
) ENGINE=InnoDB DEFAULT CHARSET=utf8mb4 COLLATE=utf8mb4_unicode_ci;

--
-- Dumping data for table `migrations`
--

INSERT INTO `migrations` (`id`, `migration`, `batch`) VALUES
(1, '2014_10_12_000000_create_users_table', 1),
(2, '2014_10_12_100000_create_password_resets_table', 1);

-- --------------------------------------------------------

--
-- Table structure for table `parent`
--

DROP TABLE IF EXISTS `parent`;
CREATE TABLE `parent` (
  `id` int(11) NOT NULL,
  `user_id` int(11) DEFAULT NULL,
  `student_id` int(11) DEFAULT NULL,
  `school_id` int(11) DEFAULT NULL,
  `created_at` timestamp NULL DEFAULT NULL,
  `updated_at` timestamp NULL DEFAULT NULL
) ENGINE=InnoDB DEFAULT CHARSET=utf8 COLLATE=utf8_unicode_ci;

-- --------------------------------------------------------

--
-- Table structure for table `password_resets`
--

DROP TABLE IF EXISTS `password_resets`;
CREATE TABLE `password_resets` (
  `email` varchar(255) CHARACTER SET utf8mb4 COLLATE utf8mb4_unicode_ci NOT NULL,
  `token` varchar(255) CHARACTER SET utf8mb4 COLLATE utf8mb4_unicode_ci NOT NULL,
  `created_at` timestamp NULL DEFAULT NULL
) ENGINE=InnoDB DEFAULT CHARSET=utf8mb4 COLLATE=utf8mb4_unicode_ci;

-- --------------------------------------------------------

--
-- Table structure for table `roles`
--

DROP TABLE IF EXISTS `roles`;
CREATE TABLE `roles` (
  `id` int(11) UNSIGNED NOT NULL,
  `admin` longtext CHARACTER SET utf8 COLLATE utf8_unicode_ci,
  `teacher` longtext CHARACTER SET utf8 COLLATE utf8_unicode_ci,
  `student` longtext CHARACTER SET utf8 COLLATE utf8_unicode_ci,
  `parent` longtext CHARACTER SET utf8 COLLATE utf8_unicode_ci,
  `accountant` longtext CHARACTER SET utf8 COLLATE utf8_unicode_ci,
  `librarian` longtext CHARACTER SET utf8 COLLATE utf8_unicode_ci,
  `driver` longtext CHARACTER SET utf8 COLLATE utf8_unicode_ci,
  `school_id` int(11) DEFAULT NULL,
  `created_at` timestamp NULL DEFAULT NULL,
  `updated_at` timestamp NULL DEFAULT NULL
) ENGINE=InnoDB DEFAULT CHARSET=utf8 COLLATE=utf8_unicode_ci;

--
-- Dumping data for table `roles`
--

INSERT INTO `roles` (`id`, `admin`, `teacher`, `student`, `parent`, `accountant`, `librarian`, `driver`, `school_id`, `created_at`, `updated_at`) VALUES
(1, '[\"5\",\"6\",\"49\",\"7\",\"9\",\"4\",\"50\",\"18\",\"17\",\"15\",\"14\",\"45\",\"46\",\"19\",\"24\",\"25\",\"47\",\"20\",\"29\",\"30\",\"54\",\"55\",\"33\",\"41\",\"44\",\"38\",\"39\",\"40\"]', NULL, NULL, NULL, NULL, NULL, NULL, 2, NULL, '2018-11-27 00:30:04'),
(2, '[\"7\",\"9\",\"8\",\"4\",\"15\",\"12\",\"14\",\"42\",\"16\",\"45\",\"19\",\"48\",\"20\",\"29\",\"55\",\"57\",\"58\",\"37\",\"38\"]', '[\"18\",\"17\",\"15\",\"12\",\"14\",\"42\",\"16\",\"45\",\"46\",\"19\",\"28\"]', '[\"43\",\"49\",\"7\",\"8\",\"10\",\"4\",\"51\",\"50\",\"15\",\"42\",\"46\",\"24\",\"22\",\"28\",\"29\",\"33\",\"57\",\"44\",\"37\",\"38\"]', '[]', '[\"5\",\"37\"]', '[]', '[\"5\",\"43\",\"49\",\"7\",\"51\",\"17\",\"15\",\"12\",\"14\",\"45\",\"46\",\"19\",\"24\",\"23\",\"28\",\"29\",\"30\",\"55\",\"33\",\"44\"]', 1, NULL, '2018-11-27 06:24:27'),
(3, '', NULL, NULL, NULL, NULL, NULL, NULL, 3, NULL, NULL);

-- --------------------------------------------------------

--
-- Table structure for table `routines`
--

DROP TABLE IF EXISTS `routines`;
CREATE TABLE `routines` (
  `id` int(11) NOT NULL,
  `class_id` varchar(255) CHARACTER SET utf8 COLLATE utf8_unicode_ci DEFAULT NULL,
  `section_id` varchar(255) CHARACTER SET utf8 COLLATE utf8_unicode_ci DEFAULT NULL,
  `subject_id` varchar(255) CHARACTER SET utf8 COLLATE utf8_unicode_ci DEFAULT NULL,
  `starting_hour` varchar(255) CHARACTER SET utf8 COLLATE utf8_unicode_ci DEFAULT NULL,
  `ending_hour` varchar(255) CHARACTER SET utf8 COLLATE utf8_unicode_ci DEFAULT NULL,
  `starting_minute` varchar(255) CHARACTER SET utf8 COLLATE utf8_unicode_ci DEFAULT NULL,
  `ending_minute` varchar(255) CHARACTER SET utf8 COLLATE utf8_unicode_ci DEFAULT NULL,
  `day` varchar(255) CHARACTER SET utf8 COLLATE utf8_unicode_ci DEFAULT '',
  `teacher_id` int(11) DEFAULT NULL,
  `room_id` int(11) DEFAULT NULL,
  `school_id` int(11) DEFAULT NULL,
  `session` varchar(255) CHARACTER SET utf8 COLLATE utf8_unicode_ci DEFAULT '',
  `created_at` timestamp NULL DEFAULT NULL,
  `updated_at` timestamp NULL DEFAULT NULL
) ENGINE=InnoDB DEFAULT CHARSET=utf8 COLLATE=utf8_unicode_ci;

--
-- Dumping data for table `routines`
--

INSERT INTO `routines` (`id`, `class_id`, `section_id`, `subject_id`, `starting_hour`, `ending_hour`, `starting_minute`, `ending_minute`, `day`, `teacher_id`, `room_id`, `school_id`, `session`, `created_at`, `updated_at`) VALUES
(1, '1', '48', '3', '10', '10', '5', '30', 'friday', 5, 1, 1, '5', '2018-12-07 07:30:00', '2019-01-17 01:11:03'),
(4, '1', '49', '2', '0', '0', '0', '0', 'sunday', 5, 2, 1, '5', '2018-12-07 14:08:19', '2018-12-07 14:08:19'),
(10, '1', '54', '2', '1', '1', '20', '20', 'saturday', 6, 2, 1, '5', '2018-12-07 14:22:43', '2018-12-07 14:22:43'),
(11, '1', '48', '5', '0', '2', '0', '0', 'saturday', 9, 2, 1, '5', '2019-01-17 01:11:25', '2019-01-17 01:11:25');

-- --------------------------------------------------------

--
-- Table structure for table `schools`
--

DROP TABLE IF EXISTS `schools`;
CREATE TABLE `schools` (
  `id` int(11) UNSIGNED NOT NULL,
  `name` varchar(255) CHARACTER SET utf8 COLLATE utf8_unicode_ci DEFAULT NULL,
  `created_at` timestamp NULL DEFAULT NULL,
  `updated_at` timestamp NULL DEFAULT NULL
) ENGINE=InnoDB DEFAULT CHARSET=utf8 COLLATE=utf8_unicode_ci;

--
-- Dumping data for table `schools`
--

INSERT INTO `schools` (`id`, `name`, `created_at`, `updated_at`) VALUES
(1, 'Mohammadpur Govt School', '2018-12-10 00:58:50', '2018-12-10 00:58:50'),
(2, 'Residential Model School and College', '2018-12-10 00:59:12', '2018-12-10 00:59:22');

-- --------------------------------------------------------

--
-- Table structure for table `sections`
--

DROP TABLE IF EXISTS `sections`;
CREATE TABLE `sections` (
  `id` int(11) UNSIGNED NOT NULL,
  `name` varchar(255) CHARACTER SET utf8 COLLATE utf8_unicode_ci DEFAULT NULL,
  `class_id` int(11) DEFAULT NULL,
  `school_id` int(11) DEFAULT NULL,
  `created_at` timestamp NULL DEFAULT NULL,
  `updated_at` timestamp NULL DEFAULT NULL
) ENGINE=InnoDB DEFAULT CHARSET=utf8 COLLATE=utf8_unicode_ci;

--
-- Dumping data for table `sections`
--

INSERT INTO `sections` (`id`, `name`, `class_id`, `school_id`, `created_at`, `updated_at`) VALUES
(23, 'A', 2, 1, '2018-11-14 04:09:36', '2018-11-15 00:22:15'),
(33, 'A', 3, 1, '2018-11-15 00:24:42', '2018-11-15 00:24:42'),
(34, 'A', 4, 1, '2018-11-15 00:51:48', '2018-11-15 00:51:48'),
(35, 'A', 5, 1, '2018-11-15 00:53:15', '2018-11-15 00:53:15'),
(36, 'A', 6, 1, '2018-11-15 00:53:20', '2018-11-15 00:53:20'),
(37, 'A', 7, 1, '2018-11-15 00:53:48', '2018-11-15 00:53:48'),
(38, 'A', 8, 1, '2018-11-15 00:55:59', '2018-11-15 00:55:59'),
(39, 'A', 9, 1, '2018-11-15 00:57:18', '2018-11-15 00:57:18'),
(40, 'A', 10, 1, '2018-11-15 00:57:51', '2018-11-15 00:57:51'),
(41, 'A', 11, 1, '2018-11-15 00:58:08', '2018-11-15 00:58:08'),
(42, 'A', 12, 1, '2018-11-15 00:58:43', '2018-11-15 00:58:43'),
(43, 'A', 13, 1, '2018-11-15 01:01:33', '2018-11-15 01:01:33'),
(44, 'A', 14, 1, '2018-11-15 01:02:08', '2018-11-15 01:02:08'),
(46, 'A', 15, 1, '2018-11-15 01:28:24', '2018-11-15 01:28:24'),
(47, 'A', 16, 1, '2018-11-19 00:43:49', '2018-11-19 00:43:49'),
(48, 'A', 1, 1, '2018-11-19 00:58:53', '2018-11-19 00:59:15'),
(49, 'B', 1, 1, '2018-11-19 00:59:00', '2018-11-19 00:59:15'),
(51, 'A', 17, 1, '2018-11-19 03:11:32', '2018-11-19 03:11:32'),
(54, 'D', 1, 1, '2018-11-28 03:26:02', '2018-11-28 03:26:02'),
(55, 'A', 16, 1, '2018-11-28 03:26:12', '2018-11-28 03:26:12'),
(56, 'A', 16, 1, '2019-01-16 23:27:58', '2019-01-16 23:27:58'),
(57, 'A', 16, 1, '2019-01-19 18:54:54', '2019-01-19 18:54:54');

-- --------------------------------------------------------

--
-- Table structure for table `sessions`
--

DROP TABLE IF EXISTS `sessions`;
CREATE TABLE `sessions` (
  `id` int(11) UNSIGNED NOT NULL,
  `name` varchar(255) CHARACTER SET utf8 COLLATE utf8_unicode_ci DEFAULT NULL,
  `school_id` int(11) DEFAULT NULL,
  `status` int(11) DEFAULT '0',
  `created_at` timestamp NULL DEFAULT NULL,
  `updated_at` timestamp NULL DEFAULT NULL
) ENGINE=InnoDB DEFAULT CHARSET=utf8 COLLATE=utf8_unicode_ci;

--
-- Dumping data for table `sessions`
--

INSERT INTO `sessions` (`id`, `name`, `school_id`, `status`, `created_at`, `updated_at`) VALUES
(1, '2017-2018', 1, 0, '2018-11-15 03:39:09', '2018-11-15 03:39:09'),
(5, '2018-2020', 1, 0, '2018-12-10 00:02:02', '2018-12-10 00:02:02');

-- --------------------------------------------------------

--
-- Table structure for table `settings`
--

DROP TABLE IF EXISTS `settings`;
CREATE TABLE `settings` (
  `id` int(11) UNSIGNED NOT NULL,
  `system_name` varchar(255) DEFAULT NULL,
  `system_title` varchar(255) DEFAULT NULL,
  `system_email` varchar(255) DEFAULT NULL,
  `selected_branch` int(11) DEFAULT NULL,
  `running_session` varchar(255) DEFAULT '',
  `phone` varchar(255) DEFAULT NULL,
  `purchase_code` varchar(255) DEFAULT NULL,
  `address` longtext,
  `updated_at` timestamp NULL DEFAULT NULL,
  `created_at` timestamp NULL DEFAULT NULL,
  `paypal_active` varchar(255) DEFAULT NULL,
  `paypal_mode` varchar(255) DEFAULT NULL,
  `paypal_client_id_sandbox` varchar(255) DEFAULT NULL,
  `paypal_client_id_production` varchar(255) DEFAULT NULL,
  `stripe_active` varchar(255) DEFAULT NULL,
  `stripe_mode` varchar(255) DEFAULT NULL,
  `stripe_test_secret_key` varchar(255) DEFAULT NULL,
  `stripe_test_public_key` varchar(255) DEFAULT NULL,
  `stripe_live_secret_key` varchar(255) DEFAULT NULL,
  `stripe_live_public_key` varchar(255) DEFAULT NULL
) ENGINE=InnoDB DEFAULT CHARSET=utf8;

--
-- Dumping data for table `settings`
--

INSERT INTO `settings` (`id`, `system_name`, `system_title`, `system_email`, `selected_branch`, `running_session`, `phone`, `purchase_code`, `address`, `updated_at`, `created_at`, `paypal_active`, `paypal_mode`, `paypal_client_id_sandbox`, `paypal_client_id_production`, `stripe_active`, `stripe_mode`, `stripe_test_secret_key`, `stripe_test_public_key`, `stripe_live_secret_key`, `stripe_live_public_key`) VALUES
(1, 'Ekattor Govt. Hight School', 'Ekattor Govt. Hight School', 'xotetocah@mailinator.com', 1, '5', '1234567890', '12345678910', 'Dhaka', '2019-01-21 12:20:28', '2018-11-17 13:20:01', 'yes', 'sandbox', '123456152', '12345678910101010', 'yes', 'off', '12', '32sa', '436', '5567');

-- --------------------------------------------------------

--
-- Table structure for table `students`
--

DROP TABLE IF EXISTS `students`;
CREATE TABLE `students` (
  `id` int(11) UNSIGNED NOT NULL,
  `code` varchar(255) CHARACTER SET utf8 COLLATE utf8_unicode_ci DEFAULT NULL,
  `user_id` int(11) DEFAULT NULL,
  `parent_id` int(11) DEFAULT NULL,
  `school_id` int(11) DEFAULT NULL,
  `created_at` timestamp NULL DEFAULT NULL,
  `updated_at` timestamp NULL DEFAULT NULL
) ENGINE=InnoDB DEFAULT CHARSET=utf8 COLLATE=utf8_unicode_ci;

--
-- Dumping data for table `students`
--

INSERT INTO `students` (`id`, `code`, `user_id`, `parent_id`, `school_id`, `created_at`, `updated_at`) VALUES
(1, '5767c70', 10, 16, 1, '2018-12-05 01:37:59', '2019-01-13 00:19:53'),
(2, 'aaadade', 11, 16, 1, '2018-12-05 01:37:59', '2018-12-05 01:37:59'),
(3, '335af2d', 18, 17, 1, '2019-01-08 06:17:12', '2019-01-13 00:21:42'),
(4, 'c090f91', 23, 3, 1, '2019-01-10 02:19:03', '2019-01-10 02:19:03'),
(5, '3228208', 24, 3, 1, '2019-01-10 02:44:18', '2019-01-10 02:44:18'),
(6, '29543c2', 25, 15, 1, '2019-01-10 03:27:07', '2019-01-10 03:27:07'),
(7, '73bf079', 26, 3, 1, '2019-01-14 02:25:55', '2019-01-14 02:25:55'),
(8, '7987c1c', 27, 15, 1, '2019-01-14 02:25:56', '2019-01-14 02:25:56'),
(9, '4340d0e', 28, 16, 1, '2019-01-14 02:25:56', '2019-01-14 02:25:56'),
(10, '9498a6b', 29, 3, 1, '2019-01-14 02:29:45', '2019-01-14 02:29:45'),
(11, '26eae55', 30, 15, 1, '2019-01-14 02:29:45', '2019-01-14 02:29:45'),
(12, '592fe67', 31, 3, 1, '2019-01-14 02:31:24', '2019-01-14 02:31:24'),
(13, '987ef36', 32, 15, 1, '2019-01-14 02:31:24', '2019-01-14 02:31:24'),
(14, '6d26f2f', 33, 3, 1, '2019-01-14 02:35:19', '2019-01-14 02:35:19'),
(15, 'e9508db', 34, 15, 1, '2019-01-14 02:35:19', '2019-01-14 02:35:19'),
(16, '24acff6', 41, 17, 1, '2019-01-17 00:49:08', '2019-01-17 00:49:08'),
(17, 'a1ba28e', 42, 17, 1, '2019-01-17 00:51:37', '2019-01-17 00:51:37'),
(19, 'd0ad59c', 48, NULL, 1, '2019-01-17 03:32:50', '2019-01-17 03:32:50'),
(20, '0378419', 49, NULL, 1, '2019-01-17 03:32:50', '2019-01-17 03:32:50'),
(21, '424d55b', 50, NULL, 1, '2019-01-17 03:32:50', '2019-01-17 03:32:50'),
(22, 'dd59504', 51, NULL, 1, '2019-01-17 03:35:26', '2019-01-17 03:35:26'),
(23, '58150f8', 52, NULL, 1, '2019-01-17 03:35:26', '2019-01-17 03:35:26'),
(24, '50c25e7', 53, 3, 1, '2019-01-17 03:44:27', '2019-01-17 03:44:27'),
(25, '5f04197', 54, 15, 1, '2019-01-17 03:44:27', '2019-01-17 03:44:27'),
(26, '03f218c', 55, 16, 1, '2019-01-17 03:44:27', '2019-01-17 03:44:27');

-- --------------------------------------------------------

--
-- Table structure for table `subjects`
--

DROP TABLE IF EXISTS `subjects`;
CREATE TABLE `subjects` (
  `id` int(11) UNSIGNED NOT NULL,
  `name` varchar(255) CHARACTER SET utf8 COLLATE utf8_unicode_ci DEFAULT NULL,
  `school_id` int(11) DEFAULT NULL,
  `class_id` int(11) DEFAULT NULL,
  `session` varchar(255) CHARACTER SET utf8 COLLATE utf8_unicode_ci DEFAULT NULL,
  `created_at` timestamp NULL DEFAULT NULL,
  `updated_at` timestamp NULL DEFAULT NULL
) ENGINE=InnoDB DEFAULT CHARSET=utf8 COLLATE=utf8_unicode_ci;

--
-- Dumping data for table `subjects`
--

INSERT INTO `subjects` (`id`, `name`, `school_id`, `class_id`, `session`, `created_at`, `updated_at`) VALUES
(3, 'A Book Of Nothing', 1, 1, '5', '2019-01-16 04:46:40', '2019-01-16 04:46:40'),
(4, 'Xanthus Faulkner', 1, 1, '5', '2019-01-16 06:57:49', '2019-01-16 06:57:49'),
(5, 'Biology', 1, 1, '5', '2019-01-16 06:58:55', '2019-01-16 06:58:55'),
(6, 'English For Today', 1, 3, '5', '2019-01-19 19:01:35', '2019-01-19 19:01:35'),
(7, 'Bangla For Yesterday', 1, 3, '5', '2019-01-19 19:01:52', '2019-01-19 19:01:52'),
(9, 'Math For Never Ever', 1, 15, '5', '2019-01-19 19:02:30', '2019-01-19 19:02:36');

-- --------------------------------------------------------

--
-- Table structure for table `syllabuses`
--

DROP TABLE IF EXISTS `syllabuses`;
CREATE TABLE `syllabuses` (
  `id` int(11) UNSIGNED NOT NULL,
  `title` varchar(255) CHARACTER SET utf8 COLLATE utf8_unicode_ci DEFAULT NULL,
  `class_id` int(11) DEFAULT NULL,
  `section_id` int(11) DEFAULT NULL,
  `subject_id` int(11) DEFAULT NULL,
  `file` varchar(255) CHARACTER SET utf8 COLLATE utf8_unicode_ci DEFAULT NULL,
  `session` int(11) DEFAULT NULL,
  `school_id` int(11) DEFAULT NULL,
  `created_at` timestamp NULL DEFAULT NULL,
  `updated_at` timestamp NULL DEFAULT NULL
) ENGINE=InnoDB DEFAULT CHARSET=utf8 COLLATE=utf8_unicode_ci;

--
-- Dumping data for table `syllabuses`
--

INSERT INTO `syllabuses` (`id`, `title`, `class_id`, `section_id`, `subject_id`, `file`, `session`, `school_id`, `created_at`, `updated_at`) VALUES
(1, 'Mid Term Syllabus', 1, 48, 5, '1547683200.csv', 5, 1, '2019-01-17 01:12:43', '2019-01-17 01:12:43');

-- --------------------------------------------------------

--
-- Table structure for table `teachers`
--

DROP TABLE IF EXISTS `teachers`;
CREATE TABLE `teachers` (
  `id` int(11) UNSIGNED NOT NULL,
  `user_id` int(11) DEFAULT NULL,
  `department_id` int(11) DEFAULT NULL,
  `designation` varchar(255) CHARACTER SET utf8 COLLATE utf8_unicode_ci DEFAULT NULL,
  `school_id` int(11) DEFAULT NULL,
  `created_at` timestamp NULL DEFAULT NULL,
  `updated_at` timestamp NULL DEFAULT NULL
) ENGINE=InnoDB DEFAULT CHARSET=utf8 COLLATE=utf8_unicode_ci;

--
-- Dumping data for table `teachers`
--

INSERT INTO `teachers` (`id`, `user_id`, `department_id`, `designation`, `school_id`, `created_at`, `updated_at`) VALUES
(5, 7, 5, 'Ast. Prof', 1, '2018-11-28 00:24:26', '2018-11-28 00:36:11'),
(6, 8, 2, 'Proffesor', 1, '2018-11-28 00:24:39', '2019-01-13 02:09:54'),
(7, 12, 2, 'Quaerat in voluptatem', 1, '2018-12-10 01:21:56', '2019-01-13 02:07:57'),
(8, 13, 6, 'Quaerat in voluptatem', 1, '2018-12-10 01:22:46', '2018-12-10 01:22:46'),
(9, 14, 7, 'Associate Prof.', 1, '2019-01-02 04:20:18', '2019-01-17 02:05:16'),
(10, 56, 4, 'Lecturer', 1, '2019-01-19 18:32:27', '2019-01-19 18:32:27');

-- --------------------------------------------------------

--
-- Table structure for table `teacher_permissions`
--

DROP TABLE IF EXISTS `teacher_permissions`;
CREATE TABLE `teacher_permissions` (
  `id` int(11) UNSIGNED NOT NULL,
  `class_id` int(11) DEFAULT NULL,
  `section_id` int(11) DEFAULT NULL,
  `teacher_id` int(11) DEFAULT NULL,
  `marks` int(11) DEFAULT '0',
  `assignment` int(11) DEFAULT '0',
  `attendance` int(11) DEFAULT '0',
  `online_exam` int(11) DEFAULT '0',
  `created_at` timestamp NULL DEFAULT NULL,
  `updated_at` timestamp NULL DEFAULT NULL
) ENGINE=InnoDB DEFAULT CHARSET=utf8 COLLATE=utf8_unicode_ci;

--
-- Dumping data for table `teacher_permissions`
--

INSERT INTO `teacher_permissions` (`id`, `class_id`, `section_id`, `teacher_id`, `marks`, `assignment`, `attendance`, `online_exam`, `created_at`, `updated_at`) VALUES
(1, 1, 48, 5, 1, 1, 1, 0, '2018-11-28 00:25:28', '2019-01-17 03:15:18'),
(2, 1, 48, 6, 1, 0, 0, 0, '2018-11-28 00:25:37', '2019-01-13 02:38:22'),
(3, 1, 48, 7, 0, 0, 1, 0, '2019-01-02 04:21:12', '2019-01-02 04:21:16');

-- --------------------------------------------------------

--
-- Table structure for table `users`
--

DROP TABLE IF EXISTS `users`;
CREATE TABLE `users` (
  `id` int(11) UNSIGNED NOT NULL,
  `name` varchar(255) CHARACTER SET utf8mb4 COLLATE utf8mb4_unicode_ci NOT NULL,
  `email` varchar(255) CHARACTER SET utf8mb4 COLLATE utf8mb4_unicode_ci NOT NULL,
  `password` varchar(255) CHARACTER SET utf8mb4 COLLATE utf8mb4_unicode_ci NOT NULL,
  `role` varchar(255) CHARACTER SET utf8mb4 COLLATE utf8mb4_unicode_ci DEFAULT NULL,
  `address` longtext CHARACTER SET utf8mb4 COLLATE utf8mb4_unicode_ci,
  `phone` varchar(255) CHARACTER SET utf8mb4 COLLATE utf8mb4_unicode_ci DEFAULT NULL,
  `remember_token` varchar(255) CHARACTER SET utf8mb4 COLLATE utf8mb4_unicode_ci DEFAULT NULL,
  `birthday` varchar(255) CHARACTER SET utf8mb4 COLLATE utf8mb4_unicode_ci DEFAULT NULL,
  `gender` varchar(255) CHARACTER SET utf8mb4 COLLATE utf8mb4_unicode_ci DEFAULT NULL,
  `blood_group` varchar(255) CHARACTER SET utf8mb4 COLLATE utf8mb4_unicode_ci DEFAULT NULL,
  `school_id` int(11) DEFAULT NULL,
  `authentication_key` varchar(255) CHARACTER SET utf8mb4 COLLATE utf8mb4_unicode_ci DEFAULT NULL,
  `created_at` timestamp NULL DEFAULT NULL,
  `updated_at` timestamp NULL DEFAULT NULL
) ENGINE=InnoDB DEFAULT CHARSET=utf8mb4 COLLATE=utf8mb4_unicode_ci;

--
-- Dumping data for table `users`
--

INSERT INTO `users` (`id`, `name`, `email`, `password`, `role`, `address`, `phone`, `remember_token`, `birthday`, `gender`, `blood_group`, `school_id`, `authentication_key`, `created_at`, `updated_at`) VALUES
(1, 'Mr. Admin', 'admin@example.com', '$2y$10$rqglVusfzcGwpzWVABevjeneBPjZdkBSqLZ4m59VZoJUQFTvoaTaW', 'superadmin', 'Sit quod et eiusmod asperiores consequat Rerum qui eius nesciunt quia corporis expedita exercitationem dolorem qui', '+641-30-5228192', 'sq3PHZ3GjViuqJKyDojpMqGLAIQlieMTIpJMZIPkmMDeqRlcbi53TEMGsJkb', NULL, NULL, NULL, 0, NULL, NULL, '2019-01-19 21:54:25'),
(3, 'Scarlet Patterson', 'parent@example.com', '$2y$10$gvCDdhUvi/0N0cKo3pWrdOyx46qzfOLCJ/6D8TkADgChDEDlI7RHm', 'parent', 'Sit quod et eiusmod asperiores consequat Rerum qui eius nesciunt quia corporis expedita exercitationem dolorem qui', '+641-30-5228192', 'd6lkEluPfHGvkMQbixkMmbA41QNDORCEhgYpiNNtkdorUHTEyRWjTX63JlrN', NULL, 'others', 'a-', 1, NULL, '2018-11-26 04:15:26', '2018-11-26 04:15:26'),
(7, 'Maite Carr', 'teacher1@example.com', '$2y$10$59wEfxAnEukVm8vNAvCId.z3nRnI1by7Bu4k15ql./gmP9KApZtQ2', 'teacher', 'Amet quibusdam aut necessitatibus illo consectetur consequatur impedit lorem atque neque id voluptas harum maiores sequi qui laboris minus', '+326-35-8982049', NULL, NULL, 'others', 'b+', 1, NULL, '2018-11-28 00:24:26', '2018-11-28 00:24:26'),
(8, 'Pamela Rosa', 'teacher2@example.com', '$2y$10$9wdGlizUMy3sw5WgfqnPROItnPGce.MESgvqmzIwblhyMm/oTHsiu', 'teacher', 'Voluptas maiores est et quae eligendi temporibus fugiat architecto dolor quia error dicta est provident atque voluptas dolore', '+437-77-1377404', NULL, NULL, 'female', 'b+', 1, NULL, '2018-11-28 00:24:39', '2018-11-28 00:24:39'),
(10, 'Sadek Khan', 'sadek@example.com', '$2y$10$yjmRh4OnODFCrhdoaLRtsusSx7dpRioa4xC.JCpSNraz4TzWGbzo2', 'student', 'Dhaka Bangladesh', '01921040960', NULL, '1548374400', 'female', NULL, 1, NULL, '2018-12-05 01:37:59', '2019-01-13 00:19:52'),
(11, 'Student Two', 'student2@exampl.eocm', '$2y$10$OmLzzua3nHYTXfyiRV3s8OKu8mZM7mXrAmwzWYHd1dFZzcQJG2LD2', 'student', NULL, '21312', NULL, NULL, 'female', NULL, 1, NULL, '2018-12-05 01:37:59', '2018-12-05 01:37:59'),
(12, 'Nola Griffin', 'nolass@example.com', '$2y$10$RY5JPPeH2PBBU41KHlCem.3rP3ITczCcHIyMGpeuw/SFzVbzrafpK', 'teacher', '42 West New Court\r\nExercitationem quasi proident eum ullamco maiores excepteur velit labore cupiditate autem provident minus eaque ad aliqua Ex', '7766275331', NULL, NULL, 'male', 'a+', 1, NULL, '2018-12-10 01:21:56', '2018-12-10 01:21:56'),
(13, 'Nola Griffin', 'susdsadsap@example.com', '$2y$10$9f2ohnmciMn8vDh4EBF43u4JnrmDZJLLkRqLKlNlTdQdlVAY5oBUS', 'teacher', '42 West New Court\r\nExercitationem quasi proident eum ullamco maiores excepteur velit labore cupiditate autem provident minus eaque ad aliqua Ex', '7766275331', NULL, NULL, 'male', 'a+', 1, NULL, '2018-12-10 01:22:46', '2018-12-10 01:22:46'),
(14, 'Cadman Martin', 'hupofid@mailinator.wer', '$2y$10$rwixudv2Y3chwblA2NXes.DmkV1zkxR.OZk//7Fumno3/RAUXkyPu', 'teacher', 'Reprehenderit animi iusto occaecat quos adipisicing impedit perferendis qui autem', '+347-21-8407481', NULL, NULL, 'others', 'a-', 1, NULL, '2019-01-02 04:20:18', '2019-01-19 21:08:45'),
(15, 'Hiroko Underwood', 'fydidyqe@mailinator.com', '$2y$10$zwqsW99YQYpJCDWIQehcMe33V0rCZKx99TvOabbParKI0ysAuvK9i', 'parent', 'Blanditiis dolore excepturi officiis consequat Et non doloremque eiusmod hic duis dicta odit sequi pariatur Sint consectetur molestiae', '+296-29-1352382', NULL, NULL, 'male', 'ab-', 1, NULL, '2019-01-02 04:35:29', '2019-01-02 04:35:29'),
(16, 'Ruth Becker', 'ducojumafi@mailinator.net', '$2y$10$TH01zLYSwqz4kSi5be6B7udSbJLu6OsSEh0Cqov0SfXgc9lzXpPw2', 'parent', 'Consequatur velit nulla occaecat eaque voluptatem deleniti sapiente laboriosam reiciendis ut tempore totam eos aut aut', '+625-31-7022063', NULL, NULL, 'male', 'ab+', 1, NULL, '2019-01-02 23:59:54', '2019-01-02 23:59:54'),
(18, 'Aunok Khan', 'aunok@example.coms', '$2y$10$zbfmPeMpVI9MgcSGIvZ7Zu6xL3GQK200QzFrshpCbzro9qD3124.K', 'student', 'Uttara', '985478412', NULL, '580003200', 'others', NULL, 1, NULL, '2019-01-08 06:17:12', '2019-01-13 00:21:42'),
(19, 'Kaye Jordan', 'fodyxoz@mailinator.com', '$2y$10$JywtbBQpdeXBhSFYxLVcBOZu3VwdVErAjvFJZa/G7daIkFuxgSf3.', 'student', 'Fuga Modi tempore tempora sed quae quisquam tempore dicta', '+841-61-7896240', NULL, '1547078400', 'female', NULL, 1, NULL, '2019-01-10 02:11:38', '2019-01-10 02:11:38'),
(20, 'Nola Griffin', 'juk@example.com', '$2y$10$MDTTRZqWryTtPV7y60NtQ.8f4nfQ6en.Eyq3ALKTq0sQIAl6eCwMK', 'student', '42 West New Court\r\nExercitationem quasi proident eum ullamco maiores excepteur velit labore cupiditate autem provident minus eaque ad aliqua Ex', '7766275331', NULL, '1547078400', 'male', NULL, 1, NULL, '2019-01-10 02:14:12', '2019-01-10 02:14:12'),
(21, 'Nola Griffin', 'rere@example.com', '$2y$10$SNeSRZBcIqYmFo1G6kTa5OvQfMBFIzNFK1aJKDy0eNot3dXM3jrkq', 'student', '42 West New Court\r\nExercitationem quasi proident eum ullamco maiores excepteur velit labore cupiditate autem provident minus eaque ad aliqua Ex', '7766275331', NULL, '1547078400', 'male', NULL, 1, NULL, '2019-01-10 02:15:10', '2019-01-10 02:15:10'),
(22, 'Test', 'hello@example.com', '$2y$10$rU4xVljFDSOwDv20wvuneewkZgwL3sy5DMO22WpA/nHIHTloinYda', 'student', 'asd', '23', NULL, '1547078400', 'male', NULL, 1, NULL, '2019-01-10 02:17:43', '2019-01-10 02:17:43'),
(23, 'Testing', 'jol@example.com', '$2y$10$M9zjLaAjLdY1fi0RDLwNb.zrQpBCjfVMr/rjir6SZaE4J2nA5nswK', 'student', '42 West New Court\r\nExercitationem quasi proident eum ullamco maiores excepteur velit labore cupiditate autem provident minus eaque ad aliqua Ex', '7766275331', NULL, '1547078400', 'male', NULL, 1, NULL, '2019-01-10 02:19:03', '2019-01-10 02:19:03'),
(24, 'Mehedi Hasan', 'mehedi@example.com', '$2y$10$C42YL1j0yJNO3EqgTalPpOyO7FyzHp5GQStRKHzRm3cnVLSiUMmSa', 'student', '42 West New Court\r\nExercitationem quasi proident eum ullamco maiores excepteur velit labore cupiditate autem provident minus eaque ad aliqua Ex', '7766275331', NULL, '1547510400', 'female', NULL, 1, NULL, '2019-01-10 02:44:18', '2019-01-10 02:44:18'),
(25, 'Hell Yeah', 'hell@example.com', '$2y$10$bxP5JJNkU6W5DcmiBComo.ghDLJ5Swy9Z7JSTrBwr/9Me.djOclOO', 'student', '42 West New Court\r\nExercitationem quasi proident eum ullamco maiores excepteur velit labore cupiditate autem provident minus eaque ad aliqua Ex', '7766275331', NULL, '1547078400', 'male', NULL, 1, NULL, '2019-01-10 03:27:07', '2019-01-10 03:27:07'),
(26, 'Nayeem Hossain', 'nayeem@example.com', '$2y$10$qC8jddb/dIwlUAUDbaAjlOzkL0Twd6ozdXLnFzkchtXaNl0Sczm1u', 'student', NULL, '1234', NULL, NULL, 'male', NULL, 1, NULL, '2019-01-14 02:25:55', '2019-01-14 02:25:55'),
(27, 'Santu Roy', 'san2@example.com', '$2y$10$NLucJJ8weznLoUQIduouoec1w6Qsm56vSaKeH6jRje2Xt22a/y7Du', 'student', NULL, '1234', NULL, NULL, 'male', NULL, 1, NULL, '2019-01-14 02:25:56', '2019-01-14 02:25:56'),
(28, 'Mehedi Morshed', 'mehediiit@example.com', '$2y$10$RZVhPIH7Wg1OrxoRIMgJW.QCVB33710VjeJDsGwUbLnGHnr.nLSbW', 'student', NULL, '1234', NULL, NULL, 'male', NULL, 1, NULL, '2019-01-14 02:25:56', '2019-01-14 02:25:56'),
(29, 'Joyonto Roy', 'joy@example.com', '$2y$10$fuf/uubLXiRD7Gtfl9NF/OUcDDzGqmtP88sFsIHfykp.X311ZO1Py', 'student', NULL, '1234', NULL, NULL, 'male', NULL, 1, NULL, '2019-01-14 02:29:45', '2019-01-14 02:29:45'),
(30, 'Aunok Hassan', 'aun@example.com', '$2y$10$JbFO6Fdj3lVZy.R8NGjdne3VB9plY02LzJR3NhHWmz16iSA7.xVpe', 'student', NULL, '1234', NULL, NULL, 'male', NULL, 1, NULL, '2019-01-14 02:29:45', '2019-01-14 02:29:45'),
(31, 'Ruma Begum', 'rumab@example.com', '$2y$10$0mqIASSW3DUzD1VM0TtkH.UCMPxaiU7J5HiJrLWj8fZmwtOqwiEq2', 'student', NULL, '1234', NULL, NULL, 'male', NULL, 1, NULL, '2019-01-14 02:31:24', '2019-01-14 02:31:24'),
(32, 'Ruma Hossain', 'rumah@example.com', '$2y$10$/N9Q/lA40lQxNjmiAqsvl.DifXxc4oKagp2XHsa1Raf1AfNTyY.0S', 'student', NULL, '1234', NULL, NULL, 'male', NULL, 1, NULL, '2019-01-14 02:31:24', '2019-01-14 02:31:24'),
(33, 'John Doe', 'john@example.com', '$2y$10$J7inZA.1tYsA7UtL6kq8c.0fC6u5SCjuo9X3OhgCSPYiYSdicVrFu', 'student', NULL, '1234', NULL, '0', 'male', NULL, 1, NULL, '2019-01-14 02:35:19', '2019-01-14 02:35:55'),
(34, 'Jane Doe', 'jane@example.com', '$2y$10$9xTFrpJhgCcempl6SIGNSellCCzDeskbwRyM4pJkmnDPJCMv/022.', 'student', NULL, '1234', NULL, NULL, 'male', NULL, 1, NULL, '2019-01-14 02:35:19', '2019-01-14 02:35:19'),
(41, 'Test Student 001', 'test001@example.com', '$2y$10$y5DspYua1Nl8Ez3do/wiPuZq1zmVedCE.U8PTjkn163n2BSXifzWq', 'student', 'An Address', '789', NULL, '1547683200', 'others', NULL, 1, NULL, '2019-01-17 00:49:08', '2019-01-17 00:49:08'),
(42, 'Test Student 002', 'test002@example.com', '$2y$10$LAlg.22KELlnaROiHENnzeLpsNPeXRoe.T.5qxJvKI1Py9DC6sdbi', 'student', '42 West New Court\r\nExercitationem quasi proident eum ullamco maiores excepteur velit labore cupiditate autem provident minus eaque ad aliqua Ex', '7766275331', NULL, '1547683200', 'others', NULL, 1, NULL, '2019-01-17 00:51:36', '2019-01-17 00:51:36'),
(46, 'Accountant', 'acctest@example.com', '$2y$10$mRUxHFCF/cG4/poUlWAeeOPe7HZjK6nYM9RssvdLxySh3asX1m8HS', 'accountant', '42 West New Court\r\nExercitationem quasi proident eum ullamco maiores excepteur velit labore cupiditate autem provident minus eaque ad aliqua Ex', '7766275331', NULL, NULL, 'male', 'a-', 1, NULL, '2019-01-17 01:10:18', '2019-01-17 01:10:18'),
(47, 'TestLibrarian', 'testlib@example.com', '$2y$10$EFZ1Zf/nd5OCGpylqRSGdu5gGet3mHvVzibllQfiMvfirDiE97xOG', 'librarian', '42 West New Court\r\nExercitationem quasi proident eum ullamco maiores excepteur velit labore cupiditate autem provident minus eaque ad aliqua Ex', '7766275331', NULL, NULL, 'male', 'a-', 1, NULL, '2019-01-17 01:10:46', '2019-01-17 01:10:46'),
(48, 'Test Student 1', 'test1@example.com', '$2y$10$a7ZYmb2bBkb7G6z/9/Ed.uo1SpBmGbIEn1HloJO0/4CLyeuzq2d/W', 'student', NULL, '0123456789', NULL, NULL, 'male', NULL, 1, NULL, '2019-01-17 03:32:50', '2019-01-17 03:32:50'),
(49, 'Test Student 2', 'test2@example.com', '$2y$10$uNferx179CqfMqAXsyOegOjCxBf0dYUR9ML9We9Iesb4jHGzJ6k.i', 'student', NULL, '07766275331', NULL, NULL, 'female', NULL, 1, NULL, '2019-01-17 03:32:50', '2019-01-17 03:32:50'),
(50, 'Test Student 3', 'test3@example.com', '$2y$10$K/eSBznn6OFrk8754qRpEuTN6HftIOLrMfe1ODu2HIFrRXwjzJ6d2', 'student', NULL, '07766275331', NULL, NULL, 'others', NULL, 1, NULL, '2019-01-17 03:32:50', '2019-01-17 03:32:50'),
(51, 'Mehedi Morshed', 'monkey@example.com', '$2y$10$vUjDVOSl6ndaIMzbK4KSsODIyQPjY.HiNDA2DK34o4rPHVsT5eARS', 'student', NULL, '123', NULL, NULL, 'male', NULL, 1, NULL, '2019-01-17 03:35:26', '2019-01-17 03:35:26'),
(52, 'Raihan', 'lama@example.com', '$2y$10$1ceStk6gV9i1/Q8WOBH1uOcZJOwNYEdUQwN7q.YTRWfSx3cuqn/2y', 'student', NULL, '123', NULL, NULL, 'female', NULL, 1, NULL, '2019-01-17 03:35:26', '2019-01-17 03:35:26'),
(53, 'Raju', 'raju@example.com', '$2y$10$HnhZk8D/atXJr.gtHFt3LO/XdDQcM890ay9h8Rub7sCanjZXWdix2', 'student', NULL, NULL, NULL, NULL, 'female', NULL, 1, NULL, '2019-01-17 03:44:27', '2019-01-17 03:44:27'),
(54, 'Navy', 'navy@example.com', '$2y$10$b//XYqRufwueU7MjJwoF0.eTXm9BYCArgGpsQE3y/yGnmmktT3Os2', 'student', NULL, NULL, NULL, NULL, 'male', NULL, 1, NULL, '2019-01-17 03:44:27', '2019-01-17 03:44:27'),
(55, 'Sakha', 'sakh@example.com', '$2y$10$xqWLPkKbgXL.fSCgn.Z6AuUYvVPfHhVaMuJvaW1Or5BxoeeldTmOq', 'student', NULL, NULL, NULL, NULL, 'female', NULL, 1, NULL, '2019-01-17 03:44:27', '2019-01-17 03:44:27'),
(56, 'Chemistry Teacher', 'chem@example.com', '$2y$10$Y6zVa9Y0hWTMeJajDkFOP./zmbVzCK1kkI7j1YOmQSDuoCIPDc6gO', 'teacher', '42 West New Court\r\nExercitationem quasi proident eum ullamco maiores excepteur velit labore cupiditate autem provident minus eaque ad aliqua Ex', '7766275331', NULL, NULL, 'male', 'a+', 1, NULL, '2019-01-19 18:32:27', '2019-01-19 18:32:27');

--
-- Indexes for dumped tables
--

--
-- Indexes for table `addons`
--
ALTER TABLE `addons`
  ADD PRIMARY KEY (`id`);

--
-- Indexes for table `alumnis`
--
ALTER TABLE `alumnis`
  ADD PRIMARY KEY (`id`);

--
-- Indexes for table `books`
--
ALTER TABLE `books`
  ADD PRIMARY KEY (`id`);

--
-- Indexes for table `book_issues`
--
ALTER TABLE `book_issues`
  ADD PRIMARY KEY (`id`);

--
-- Indexes for table `branches`
--
ALTER TABLE `branches`
  ADD PRIMARY KEY (`id`);

--
-- Indexes for table `classes`
--
ALTER TABLE `classes`
  ADD PRIMARY KEY (`id`);

--
-- Indexes for table `class_rooms`
--
ALTER TABLE `class_rooms`
  ADD PRIMARY KEY (`id`);

--
-- Indexes for table `daily_attendances`
--
ALTER TABLE `daily_attendances`
  ADD PRIMARY KEY (`id`);

--
-- Indexes for table `departments`
--
ALTER TABLE `departments`
  ADD PRIMARY KEY (`id`);

--
-- Indexes for table `enrolls`
--
ALTER TABLE `enrolls`
  ADD PRIMARY KEY (`id`);

--
-- Indexes for table `event_calendars`
--
ALTER TABLE `event_calendars`
  ADD PRIMARY KEY (`id`);

--
-- Indexes for table `exams`
--
ALTER TABLE `exams`
  ADD PRIMARY KEY (`id`);

--
-- Indexes for table `expenses`
--
ALTER TABLE `expenses`
  ADD PRIMARY KEY (`id`);

--
-- Indexes for table `expense_categories`
--
ALTER TABLE `expense_categories`
  ADD PRIMARY KEY (`id`);

--
-- Indexes for table `grades`
--
ALTER TABLE `grades`
  ADD PRIMARY KEY (`id`);

--
-- Indexes for table `invoices`
--
ALTER TABLE `invoices`
  ADD PRIMARY KEY (`id`);

--
-- Indexes for table `marks`
--
ALTER TABLE `marks`
  ADD PRIMARY KEY (`id`);

--
-- Indexes for table `menus`
--
ALTER TABLE `menus`
  ADD PRIMARY KEY (`id`);

--
-- Indexes for table `migrations`
--
ALTER TABLE `migrations`
  ADD PRIMARY KEY (`id`);

--
-- Indexes for table `parent`
--
ALTER TABLE `parent`
  ADD PRIMARY KEY (`id`);

--
-- Indexes for table `password_resets`
--
ALTER TABLE `password_resets`
  ADD KEY `password_resets_email_index` (`email`(191));

--
-- Indexes for table `roles`
--
ALTER TABLE `roles`
  ADD PRIMARY KEY (`id`);

--
-- Indexes for table `routines`
--
ALTER TABLE `routines`
  ADD PRIMARY KEY (`id`);

--
-- Indexes for table `schools`
--
ALTER TABLE `schools`
  ADD PRIMARY KEY (`id`);

--
-- Indexes for table `sections`
--
ALTER TABLE `sections`
  ADD PRIMARY KEY (`id`);

--
-- Indexes for table `sessions`
--
ALTER TABLE `sessions`
  ADD PRIMARY KEY (`id`),
  ADD UNIQUE KEY `name` (`name`);

--
-- Indexes for table `settings`
--
ALTER TABLE `settings`
  ADD PRIMARY KEY (`id`);

--
-- Indexes for table `students`
--
ALTER TABLE `students`
  ADD PRIMARY KEY (`id`);

--
-- Indexes for table `subjects`
--
ALTER TABLE `subjects`
  ADD PRIMARY KEY (`id`);

--
-- Indexes for table `syllabuses`
--
ALTER TABLE `syllabuses`
  ADD PRIMARY KEY (`id`);

--
-- Indexes for table `teachers`
--
ALTER TABLE `teachers`
  ADD PRIMARY KEY (`id`);

--
-- Indexes for table `teacher_permissions`
--
ALTER TABLE `teacher_permissions`
  ADD PRIMARY KEY (`id`);

--
-- Indexes for table `users`
--
ALTER TABLE `users`
  ADD PRIMARY KEY (`id`);

--
-- AUTO_INCREMENT for dumped tables
--

--
-- AUTO_INCREMENT for table `addons`
--
ALTER TABLE `addons`
  MODIFY `id` int(11) NOT NULL AUTO_INCREMENT, AUTO_INCREMENT=2;

--
-- AUTO_INCREMENT for table `alumnis`
--
ALTER TABLE `alumnis`
  MODIFY `id` int(11) UNSIGNED NOT NULL AUTO_INCREMENT;

--
-- AUTO_INCREMENT for table `books`
--
ALTER TABLE `books`
  MODIFY `id` int(11) UNSIGNED NOT NULL AUTO_INCREMENT, AUTO_INCREMENT=12;

--
-- AUTO_INCREMENT for table `book_issues`
--
ALTER TABLE `book_issues`
  MODIFY `id` int(11) UNSIGNED NOT NULL AUTO_INCREMENT, AUTO_INCREMENT=18;

--
-- AUTO_INCREMENT for table `branches`
--
ALTER TABLE `branches`
  MODIFY `id` int(11) UNSIGNED NOT NULL AUTO_INCREMENT, AUTO_INCREMENT=7;

--
-- AUTO_INCREMENT for table `classes`
--
ALTER TABLE `classes`
  MODIFY `id` int(11) UNSIGNED NOT NULL AUTO_INCREMENT, AUTO_INCREMENT=17;

--
-- AUTO_INCREMENT for table `class_rooms`
--
ALTER TABLE `class_rooms`
  MODIFY `id` int(11) UNSIGNED NOT NULL AUTO_INCREMENT, AUTO_INCREMENT=5;

--
-- AUTO_INCREMENT for table `daily_attendances`
--
ALTER TABLE `daily_attendances`
  MODIFY `id` int(11) NOT NULL AUTO_INCREMENT, AUTO_INCREMENT=70;

--
-- AUTO_INCREMENT for table `departments`
--
ALTER TABLE `departments`
  MODIFY `id` int(11) UNSIGNED NOT NULL AUTO_INCREMENT, AUTO_INCREMENT=8;

--
-- AUTO_INCREMENT for table `enrolls`
--
ALTER TABLE `enrolls`
  MODIFY `id` int(11) UNSIGNED NOT NULL AUTO_INCREMENT, AUTO_INCREMENT=27;

--
-- AUTO_INCREMENT for table `event_calendars`
--
ALTER TABLE `event_calendars`
  MODIFY `id` int(11) NOT NULL AUTO_INCREMENT, AUTO_INCREMENT=10;

--
-- AUTO_INCREMENT for table `exams`
--
ALTER TABLE `exams`
  MODIFY `id` int(11) UNSIGNED NOT NULL AUTO_INCREMENT, AUTO_INCREMENT=5;

--
-- AUTO_INCREMENT for table `expenses`
--
ALTER TABLE `expenses`
  MODIFY `id` int(11) UNSIGNED NOT NULL AUTO_INCREMENT, AUTO_INCREMENT=6;

--
-- AUTO_INCREMENT for table `expense_categories`
--
ALTER TABLE `expense_categories`
  MODIFY `id` int(11) UNSIGNED NOT NULL AUTO_INCREMENT, AUTO_INCREMENT=7;

--
-- AUTO_INCREMENT for table `grades`
--
ALTER TABLE `grades`
  MODIFY `id` int(11) UNSIGNED NOT NULL AUTO_INCREMENT, AUTO_INCREMENT=2;

--
-- AUTO_INCREMENT for table `invoices`
--
ALTER TABLE `invoices`
  MODIFY `id` int(11) NOT NULL AUTO_INCREMENT, AUTO_INCREMENT=4877;

--
-- AUTO_INCREMENT for table `marks`
--
ALTER TABLE `marks`
  MODIFY `id` int(11) UNSIGNED NOT NULL AUTO_INCREMENT, AUTO_INCREMENT=10;

--
-- AUTO_INCREMENT for table `menus`
--
ALTER TABLE `menus`
  MODIFY `id` int(11) UNSIGNED NOT NULL AUTO_INCREMENT, AUTO_INCREMENT=79;

--
-- AUTO_INCREMENT for table `migrations`
--
ALTER TABLE `migrations`
  MODIFY `id` int(10) UNSIGNED NOT NULL AUTO_INCREMENT, AUTO_INCREMENT=3;

--
-- AUTO_INCREMENT for table `parent`
--
ALTER TABLE `parent`
  MODIFY `id` int(11) NOT NULL AUTO_INCREMENT;

--
-- AUTO_INCREMENT for table `roles`
--
ALTER TABLE `roles`
  MODIFY `id` int(11) UNSIGNED NOT NULL AUTO_INCREMENT, AUTO_INCREMENT=4;

--
-- AUTO_INCREMENT for table `routines`
--
ALTER TABLE `routines`
  MODIFY `id` int(11) NOT NULL AUTO_INCREMENT, AUTO_INCREMENT=12;

--
-- AUTO_INCREMENT for table `schools`
--
ALTER TABLE `schools`
  MODIFY `id` int(11) UNSIGNED NOT NULL AUTO_INCREMENT, AUTO_INCREMENT=3;

--
-- AUTO_INCREMENT for table `sections`
--
ALTER TABLE `sections`
  MODIFY `id` int(11) UNSIGNED NOT NULL AUTO_INCREMENT, AUTO_INCREMENT=58;

--
-- AUTO_INCREMENT for table `sessions`
--
ALTER TABLE `sessions`
  MODIFY `id` int(11) UNSIGNED NOT NULL AUTO_INCREMENT, AUTO_INCREMENT=6;

--
-- AUTO_INCREMENT for table `settings`
--
ALTER TABLE `settings`
  MODIFY `id` int(11) UNSIGNED NOT NULL AUTO_INCREMENT, AUTO_INCREMENT=2;

--
-- AUTO_INCREMENT for table `students`
--
ALTER TABLE `students`
  MODIFY `id` int(11) UNSIGNED NOT NULL AUTO_INCREMENT, AUTO_INCREMENT=27;

--
-- AUTO_INCREMENT for table `subjects`
--
ALTER TABLE `subjects`
  MODIFY `id` int(11) UNSIGNED NOT NULL AUTO_INCREMENT, AUTO_INCREMENT=10;

--
-- AUTO_INCREMENT for table `syllabuses`
--
ALTER TABLE `syllabuses`
  MODIFY `id` int(11) UNSIGNED NOT NULL AUTO_INCREMENT, AUTO_INCREMENT=2;

--
-- AUTO_INCREMENT for table `teachers`
--
ALTER TABLE `teachers`
  MODIFY `id` int(11) UNSIGNED NOT NULL AUTO_INCREMENT, AUTO_INCREMENT=11;

--
-- AUTO_INCREMENT for table `teacher_permissions`
--
ALTER TABLE `teacher_permissions`
  MODIFY `id` int(11) UNSIGNED NOT NULL AUTO_INCREMENT, AUTO_INCREMENT=4;

--
-- AUTO_INCREMENT for table `users`
--
ALTER TABLE `users`
  MODIFY `id` int(11) UNSIGNED NOT NULL AUTO_INCREMENT, AUTO_INCREMENT=57;
COMMIT;

/*!40101 SET CHARACTER_SET_CLIENT=@OLD_CHARACTER_SET_CLIENT */;
/*!40101 SET CHARACTER_SET_RESULTS=@OLD_CHARACTER_SET_RESULTS */;
/*!40101 SET COLLATION_CONNECTION=@OLD_COLLATION_CONNECTION */;
